2024-09-01 14:12:09.042  INFO 37840 --- [restartedMain] mvc.moiso.MoisoApplication               : Starting MoisoApplication using Java 18.0.2.1 on Moiso with PID 37840 (C:\Users\moises dev\Documents\gestor\Andres-Carnes-release\moiso\target\classes started by moises dev in C:\Users\moises dev\Documents\gestor\Andres-Carnes-release\moiso)
2024-09-01 14:12:09.050  INFO 37840 --- [restartedMain] mvc.moiso.MoisoApplication               : No active profile set, falling back to 1 default profile: "default"
2024-09-01 14:12:09.146  INFO 37840 --- [restartedMain] .e.DevToolsPropertyDefaultsPostProcessor : Devtools property defaults active! Set 'spring.devtools.add-properties' to 'false' to disable
2024-09-01 14:12:09.147  INFO 37840 --- [restartedMain] .e.DevToolsPropertyDefaultsPostProcessor : For additional web related logging consider setting the 'logging.level.web' property to 'DEBUG'
2024-09-01 14:12:10.258  INFO 37840 --- [restartedMain] .s.d.r.c.RepositoryConfigurationDelegate : Multiple Spring Data modules found, entering strict repository configuration mode
2024-09-01 14:12:10.260  INFO 37840 --- [restartedMain] .s.d.r.c.RepositoryConfigurationDelegate : Bootstrapping Spring Data JDBC repositories in DEFAULT mode.
2024-09-01 14:12:10.295  INFO 37840 --- [restartedMain] .RepositoryConfigurationExtensionSupport : Spring Data JDBC - Could not safely identify store assignment for repository candidate interface mvc.moiso.repository.EmpleadoRepository; If you want this repository to be a JDBC repository, consider annotating your entities with one of these annotations: org.springframework.data.relational.core.mapping.Table.
2024-09-01 14:12:10.296  INFO 37840 --- [restartedMain] .RepositoryConfigurationExtensionSupport : Spring Data JDBC - Could not safely identify store assignment for repository candidate interface mvc.moiso.repository.EmpresaRepository; If you want this repository to be a JDBC repository, consider annotating your entities with one of these annotations: org.springframework.data.relational.core.mapping.Table.
2024-09-01 14:12:10.298  INFO 37840 --- [restartedMain] .RepositoryConfigurationExtensionSupport : Spring Data JDBC - Could not safely identify store assignment for repository candidate interface mvc.moiso.repository.MovimientosRepository; If you want this repository to be a JDBC repository, consider annotating your entities with one of these annotations: org.springframework.data.relational.core.mapping.Table.
2024-09-01 14:12:10.299  INFO 37840 --- [restartedMain] .s.d.r.c.RepositoryConfigurationDelegate : Finished Spring Data repository scanning in 32 ms. Found 0 JDBC repository interfaces.
2024-09-01 14:12:10.307  INFO 37840 --- [restartedMain] .s.d.r.c.RepositoryConfigurationDelegate : Multiple Spring Data modules found, entering strict repository configuration mode
2024-09-01 14:12:10.308  INFO 37840 --- [restartedMain] .s.d.r.c.RepositoryConfigurationDelegate : Bootstrapping Spring Data JPA repositories in DEFAULT mode.
2024-09-01 14:12:10.348  INFO 37840 --- [restartedMain] .s.d.r.c.RepositoryConfigurationDelegate : Finished Spring Data repository scanning in 35 ms. Found 3 JPA repository interfaces.
2024-09-01 14:12:10.755  INFO 37840 --- [restartedMain] trationDelegate$BeanPostProcessorChecker : Bean 'org.springframework.ws.config.annotation.DelegatingWsConfiguration' of type [org.springframework.ws.config.annotation.DelegatingWsConfiguration$$EnhancerBySpringCGLIB$$3557e8] is not eligible for getting processed by all BeanPostProcessors (for example: not eligible for auto-proxying)
2024-09-01 14:12:10.844  INFO 37840 --- [restartedMain] .w.s.a.s.AnnotationActionEndpointMapping : Supporting [WS-Addressing August 2004, WS-Addressing 1.0]
2024-09-01 14:12:11.452  INFO 37840 --- [restartedMain] o.s.b.w.embedded.tomcat.TomcatWebServer  : Tomcat initialized with port(s): 8080 (http)
2024-09-01 14:12:11.470  INFO 37840 --- [restartedMain] o.apache.catalina.core.StandardService   : Starting service [Tomcat]
2024-09-01 14:12:11.470  INFO 37840 --- [restartedMain] org.apache.catalina.core.StandardEngine  : Starting Servlet engine: [Apache Tomcat/9.0.65]
2024-09-01 14:12:11.596  INFO 37840 --- [restartedMain] o.a.c.c.C.[Tomcat].[localhost].[/]       : Initializing Spring embedded WebApplicationContext
2024-09-01 14:12:11.597  INFO 37840 --- [restartedMain] w.s.c.ServletWebServerApplicationContext : Root WebApplicationContext: initialization completed in 2449 ms
2024-09-01 14:12:11.780 DEBUG 37840 --- [restartedMain] com.zaxxer.hikari.HikariConfig           : Driver class org.postgresql.Driver found in Thread context class loader org.springframework.boot.devtools.restart.classloader.RestartClassLoader@243584e0
2024-09-01 14:12:11.972 DEBUG 37840 --- [restartedMain] o.hibernate.jpa.internal.util.LogHelper  : PersistenceUnitInfo [
	name: default
	persistence provider classname: null
	classloader: org.springframework.boot.devtools.restart.classloader.RestartClassLoader@243584e0
	excludeUnlistedClasses: true
	JTA datasource: null
	Non JTA datasource: HikariDataSource (null)
	Transaction type: RESOURCE_LOCAL
	PU root URL: file:/C:/Users/moises%20dev/Documents/gestor/Andres-Carnes-release/moiso/target/classes/
	Shared Cache Mode: UNSPECIFIED
	Validation Mode: AUTO
	Jar files URLs []
	Managed classes names [
		mvc.moiso.modelos.Empleado
		mvc.moiso.modelos.Empresa
		mvc.moiso.modelos.Movimiento]
	Mapping files names []
	Properties []
2024-09-01 14:12:11.992 DEBUG 37840 --- [restartedMain] o.h.i.internal.IntegratorServiceImpl     : Adding Integrator [org.hibernate.cfg.beanvalidation.BeanValidationIntegrator].
2024-09-01 14:12:11.995 DEBUG 37840 --- [restartedMain] o.h.i.internal.IntegratorServiceImpl     : Adding Integrator [org.hibernate.secure.spi.JaccIntegrator].
2024-09-01 14:12:12.000 DEBUG 37840 --- [restartedMain] o.h.i.internal.IntegratorServiceImpl     : Adding Integrator [org.hibernate.cache.internal.CollectionCacheInvalidator].
2024-09-01 14:12:12.098  INFO 37840 --- [restartedMain] org.hibernate.Version                    : HHH000412: Hibernate ORM core version 5.6.10.Final
2024-09-01 14:12:12.100 DEBUG 37840 --- [restartedMain] org.hibernate.cfg.Environment            : HHH000206: hibernate.properties not found
2024-09-01 14:12:12.305 DEBUG 37840 --- [restartedMain] o.hibernate.service.spi.ServiceBinding   : Overriding existing service binding [org.hibernate.secure.spi.JaccService]
2024-09-01 14:12:12.317 DEBUG 37840 --- [restartedMain] o.h.c.internal.RegionFactoryInitiator    : Cannot default RegionFactory based on registered strategies as `[]` RegionFactory strategies were registered
2024-09-01 14:12:12.318 DEBUG 37840 --- [restartedMain] o.h.c.internal.RegionFactoryInitiator    : Cache region factory : org.hibernate.cache.internal.NoCachingRegionFactory
2024-09-01 14:12:12.330  INFO 37840 --- [restartedMain] o.hibernate.annotations.common.Version   : HCANN000001: Hibernate Commons Annotations {5.1.2.Final}
2024-09-01 14:12:12.373 DEBUG 37840 --- [restartedMain] org.hibernate.type.BasicTypeRegistry     : Adding type registration boolean -> org.hibernate.type.BooleanType@37128f8b
2024-09-01 14:12:12.373 DEBUG 37840 --- [restartedMain] org.hibernate.type.BasicTypeRegistry     : Adding type registration boolean -> org.hibernate.type.BooleanType@37128f8b
2024-09-01 14:12:12.374 DEBUG 37840 --- [restartedMain] org.hibernate.type.BasicTypeRegistry     : Adding type registration java.lang.Boolean -> org.hibernate.type.BooleanType@37128f8b
2024-09-01 14:12:12.374 DEBUG 37840 --- [restartedMain] org.hibernate.type.BasicTypeRegistry     : Adding type registration numeric_boolean -> org.hibernate.type.NumericBooleanType@1c658ab
2024-09-01 14:12:12.375 DEBUG 37840 --- [restartedMain] org.hibernate.type.BasicTypeRegistry     : Adding type registration true_false -> org.hibernate.type.TrueFalseType@5074e8d5
2024-09-01 14:12:12.375 DEBUG 37840 --- [restartedMain] org.hibernate.type.BasicTypeRegistry     : Adding type registration yes_no -> org.hibernate.type.YesNoType@32038cfc
2024-09-01 14:12:12.376 DEBUG 37840 --- [restartedMain] org.hibernate.type.BasicTypeRegistry     : Adding type registration byte -> org.hibernate.type.ByteType@55d7cd
2024-09-01 14:12:12.377 DEBUG 37840 --- [restartedMain] org.hibernate.type.BasicTypeRegistry     : Adding type registration byte -> org.hibernate.type.ByteType@55d7cd
2024-09-01 14:12:12.377 DEBUG 37840 --- [restartedMain] org.hibernate.type.BasicTypeRegistry     : Adding type registration java.lang.Byte -> org.hibernate.type.ByteType@55d7cd
2024-09-01 14:12:12.378 DEBUG 37840 --- [restartedMain] org.hibernate.type.BasicTypeRegistry     : Adding type registration character -> org.hibernate.type.CharacterType@7dbd896b
2024-09-01 14:12:12.379 DEBUG 37840 --- [restartedMain] org.hibernate.type.BasicTypeRegistry     : Adding type registration char -> org.hibernate.type.CharacterType@7dbd896b
2024-09-01 14:12:12.379 DEBUG 37840 --- [restartedMain] org.hibernate.type.BasicTypeRegistry     : Adding type registration java.lang.Character -> org.hibernate.type.CharacterType@7dbd896b
2024-09-01 14:12:12.380 DEBUG 37840 --- [restartedMain] org.hibernate.type.BasicTypeRegistry     : Adding type registration short -> org.hibernate.type.ShortType@63d68c46
2024-09-01 14:12:12.380 DEBUG 37840 --- [restartedMain] org.hibernate.type.BasicTypeRegistry     : Adding type registration short -> org.hibernate.type.ShortType@63d68c46
2024-09-01 14:12:12.380 DEBUG 37840 --- [restartedMain] org.hibernate.type.BasicTypeRegistry     : Adding type registration java.lang.Short -> org.hibernate.type.ShortType@63d68c46
2024-09-01 14:12:12.380 DEBUG 37840 --- [restartedMain] org.hibernate.type.BasicTypeRegistry     : Adding type registration integer -> org.hibernate.type.IntegerType@67fbb1b0
2024-09-01 14:12:12.381 DEBUG 37840 --- [restartedMain] org.hibernate.type.BasicTypeRegistry     : Adding type registration int -> org.hibernate.type.IntegerType@67fbb1b0
2024-09-01 14:12:12.381 DEBUG 37840 --- [restartedMain] org.hibernate.type.BasicTypeRegistry     : Adding type registration java.lang.Integer -> org.hibernate.type.IntegerType@67fbb1b0
2024-09-01 14:12:12.382 DEBUG 37840 --- [restartedMain] org.hibernate.type.BasicTypeRegistry     : Adding type registration long -> org.hibernate.type.LongType@16a426de
2024-09-01 14:12:12.382 DEBUG 37840 --- [restartedMain] org.hibernate.type.BasicTypeRegistry     : Adding type registration long -> org.hibernate.type.LongType@16a426de
2024-09-01 14:12:12.382 DEBUG 37840 --- [restartedMain] org.hibernate.type.BasicTypeRegistry     : Adding type registration java.lang.Long -> org.hibernate.type.LongType@16a426de
2024-09-01 14:12:12.384 DEBUG 37840 --- [restartedMain] org.hibernate.type.BasicTypeRegistry     : Adding type registration float -> org.hibernate.type.FloatType@175c0fc1
2024-09-01 14:12:12.384 DEBUG 37840 --- [restartedMain] org.hibernate.type.BasicTypeRegistry     : Adding type registration float -> org.hibernate.type.FloatType@175c0fc1
2024-09-01 14:12:12.384 DEBUG 37840 --- [restartedMain] org.hibernate.type.BasicTypeRegistry     : Adding type registration java.lang.Float -> org.hibernate.type.FloatType@175c0fc1
2024-09-01 14:12:12.385 DEBUG 37840 --- [restartedMain] org.hibernate.type.BasicTypeRegistry     : Adding type registration double -> org.hibernate.type.DoubleType@10408775
2024-09-01 14:12:12.385 DEBUG 37840 --- [restartedMain] org.hibernate.type.BasicTypeRegistry     : Adding type registration double -> org.hibernate.type.DoubleType@10408775
2024-09-01 14:12:12.385 DEBUG 37840 --- [restartedMain] org.hibernate.type.BasicTypeRegistry     : Adding type registration java.lang.Double -> org.hibernate.type.DoubleType@10408775
2024-09-01 14:12:12.386 DEBUG 37840 --- [restartedMain] org.hibernate.type.BasicTypeRegistry     : Adding type registration big_decimal -> org.hibernate.type.BigDecimalType@56b99718
2024-09-01 14:12:12.387 DEBUG 37840 --- [restartedMain] org.hibernate.type.BasicTypeRegistry     : Adding type registration java.math.BigDecimal -> org.hibernate.type.BigDecimalType@56b99718
2024-09-01 14:12:12.387 DEBUG 37840 --- [restartedMain] org.hibernate.type.BasicTypeRegistry     : Adding type registration big_integer -> org.hibernate.type.BigIntegerType@6334b4a2
2024-09-01 14:12:12.387 DEBUG 37840 --- [restartedMain] org.hibernate.type.BasicTypeRegistry     : Adding type registration java.math.BigInteger -> org.hibernate.type.BigIntegerType@6334b4a2
2024-09-01 14:12:12.388 DEBUG 37840 --- [restartedMain] org.hibernate.type.BasicTypeRegistry     : Adding type registration string -> org.hibernate.type.StringType@69007d28
2024-09-01 14:12:12.388 DEBUG 37840 --- [restartedMain] org.hibernate.type.BasicTypeRegistry     : Adding type registration java.lang.String -> org.hibernate.type.StringType@69007d28
2024-09-01 14:12:12.389 DEBUG 37840 --- [restartedMain] org.hibernate.type.BasicTypeRegistry     : Adding type registration nstring -> org.hibernate.type.StringNVarcharType@3dd1b6fe
2024-09-01 14:12:12.389 DEBUG 37840 --- [restartedMain] org.hibernate.type.BasicTypeRegistry     : Adding type registration ncharacter -> org.hibernate.type.CharacterNCharType@30014bde
2024-09-01 14:12:12.390 DEBUG 37840 --- [restartedMain] org.hibernate.type.BasicTypeRegistry     : Adding type registration url -> org.hibernate.type.UrlType@763ca492
2024-09-01 14:12:12.390 DEBUG 37840 --- [restartedMain] org.hibernate.type.BasicTypeRegistry     : Adding type registration java.net.URL -> org.hibernate.type.UrlType@763ca492
2024-09-01 14:12:12.391 DEBUG 37840 --- [restartedMain] org.hibernate.type.BasicTypeRegistry     : Adding type registration Duration -> org.hibernate.type.DurationType@73e1e21b
2024-09-01 14:12:12.391 DEBUG 37840 --- [restartedMain] org.hibernate.type.BasicTypeRegistry     : Adding type registration java.time.Duration -> org.hibernate.type.DurationType@73e1e21b
2024-09-01 14:12:12.392 DEBUG 37840 --- [restartedMain] org.hibernate.type.BasicTypeRegistry     : Adding type registration Instant -> org.hibernate.type.InstantType@4eed4252
2024-09-01 14:12:12.392 DEBUG 37840 --- [restartedMain] org.hibernate.type.BasicTypeRegistry     : Adding type registration java.time.Instant -> org.hibernate.type.InstantType@4eed4252
2024-09-01 14:12:12.393 DEBUG 37840 --- [restartedMain] org.hibernate.type.BasicTypeRegistry     : Adding type registration LocalDateTime -> org.hibernate.type.LocalDateTimeType@3ab33fe0
2024-09-01 14:12:12.393 DEBUG 37840 --- [restartedMain] org.hibernate.type.BasicTypeRegistry     : Adding type registration java.time.LocalDateTime -> org.hibernate.type.LocalDateTimeType@3ab33fe0
2024-09-01 14:12:12.394 DEBUG 37840 --- [restartedMain] org.hibernate.type.BasicTypeRegistry     : Adding type registration LocalDate -> org.hibernate.type.LocalDateType@77efb70a
2024-09-01 14:12:12.394 DEBUG 37840 --- [restartedMain] org.hibernate.type.BasicTypeRegistry     : Adding type registration java.time.LocalDate -> org.hibernate.type.LocalDateType@77efb70a
2024-09-01 14:12:12.395 DEBUG 37840 --- [restartedMain] org.hibernate.type.BasicTypeRegistry     : Adding type registration LocalTime -> org.hibernate.type.LocalTimeType@5266f38e
2024-09-01 14:12:12.395 DEBUG 37840 --- [restartedMain] org.hibernate.type.BasicTypeRegistry     : Adding type registration java.time.LocalTime -> org.hibernate.type.LocalTimeType@5266f38e
2024-09-01 14:12:12.395 DEBUG 37840 --- [restartedMain] org.hibernate.type.BasicTypeRegistry     : Adding type registration OffsetDateTime -> org.hibernate.type.OffsetDateTimeType@14643ace
2024-09-01 14:12:12.395 DEBUG 37840 --- [restartedMain] org.hibernate.type.BasicTypeRegistry     : Adding type registration java.time.OffsetDateTime -> org.hibernate.type.OffsetDateTimeType@14643ace
2024-09-01 14:12:12.397 DEBUG 37840 --- [restartedMain] org.hibernate.type.BasicTypeRegistry     : Adding type registration OffsetTime -> org.hibernate.type.OffsetTimeType@e0eee45
2024-09-01 14:12:12.397 DEBUG 37840 --- [restartedMain] org.hibernate.type.BasicTypeRegistry     : Adding type registration java.time.OffsetTime -> org.hibernate.type.OffsetTimeType@e0eee45
2024-09-01 14:12:12.398 DEBUG 37840 --- [restartedMain] org.hibernate.type.BasicTypeRegistry     : Adding type registration ZonedDateTime -> org.hibernate.type.ZonedDateTimeType@787c3f60
2024-09-01 14:12:12.398 DEBUG 37840 --- [restartedMain] org.hibernate.type.BasicTypeRegistry     : Adding type registration java.time.ZonedDateTime -> org.hibernate.type.ZonedDateTimeType@787c3f60
2024-09-01 14:12:12.400 DEBUG 37840 --- [restartedMain] org.hibernate.type.BasicTypeRegistry     : Adding type registration date -> org.hibernate.type.DateType@bae2b3a
2024-09-01 14:12:12.400 DEBUG 37840 --- [restartedMain] org.hibernate.type.BasicTypeRegistry     : Adding type registration java.sql.Date -> org.hibernate.type.DateType@bae2b3a
2024-09-01 14:12:12.401 DEBUG 37840 --- [restartedMain] org.hibernate.type.BasicTypeRegistry     : Adding type registration time -> org.hibernate.type.TimeType@51b41c36
2024-09-01 14:12:12.401 DEBUG 37840 --- [restartedMain] org.hibernate.type.BasicTypeRegistry     : Adding type registration java.sql.Time -> org.hibernate.type.TimeType@51b41c36
2024-09-01 14:12:12.404 DEBUG 37840 --- [restartedMain] org.hibernate.type.BasicTypeRegistry     : Adding type registration timestamp -> org.hibernate.type.TimestampType@495b1654
2024-09-01 14:12:12.404 DEBUG 37840 --- [restartedMain] org.hibernate.type.BasicTypeRegistry     : Adding type registration java.sql.Timestamp -> org.hibernate.type.TimestampType@495b1654
2024-09-01 14:12:12.404 DEBUG 37840 --- [restartedMain] org.hibernate.type.BasicTypeRegistry     : Adding type registration java.util.Date -> org.hibernate.type.TimestampType@495b1654
2024-09-01 14:12:12.406 DEBUG 37840 --- [restartedMain] org.hibernate.type.BasicTypeRegistry     : Adding type registration dbtimestamp -> org.hibernate.type.DbTimestampType@9947b47
2024-09-01 14:12:12.407 DEBUG 37840 --- [restartedMain] org.hibernate.type.BasicTypeRegistry     : Adding type registration calendar -> org.hibernate.type.CalendarType@221e36a0
2024-09-01 14:12:12.407 DEBUG 37840 --- [restartedMain] org.hibernate.type.BasicTypeRegistry     : Adding type registration java.util.Calendar -> org.hibernate.type.CalendarType@221e36a0
2024-09-01 14:12:12.408 DEBUG 37840 --- [restartedMain] org.hibernate.type.BasicTypeRegistry     : Adding type registration java.util.GregorianCalendar -> org.hibernate.type.CalendarType@221e36a0
2024-09-01 14:12:12.409 DEBUG 37840 --- [restartedMain] org.hibernate.type.BasicTypeRegistry     : Adding type registration calendar_date -> org.hibernate.type.CalendarDateType@446faff2
2024-09-01 14:12:12.410 DEBUG 37840 --- [restartedMain] org.hibernate.type.BasicTypeRegistry     : Adding type registration calendar_time -> org.hibernate.type.CalendarTimeType@a0f85f7
2024-09-01 14:12:12.412 DEBUG 37840 --- [restartedMain] org.hibernate.type.BasicTypeRegistry     : Adding type registration locale -> org.hibernate.type.LocaleType@3ce0648e
2024-09-01 14:12:12.412 DEBUG 37840 --- [restartedMain] org.hibernate.type.BasicTypeRegistry     : Adding type registration java.util.Locale -> org.hibernate.type.LocaleType@3ce0648e
2024-09-01 14:12:12.416 DEBUG 37840 --- [restartedMain] org.hibernate.type.BasicTypeRegistry     : Adding type registration currency -> org.hibernate.type.CurrencyType@478857ec
2024-09-01 14:12:12.416 DEBUG 37840 --- [restartedMain] org.hibernate.type.BasicTypeRegistry     : Adding type registration java.util.Currency -> org.hibernate.type.CurrencyType@478857ec
2024-09-01 14:12:12.417 DEBUG 37840 --- [restartedMain] org.hibernate.type.BasicTypeRegistry     : Adding type registration timezone -> org.hibernate.type.TimeZoneType@1afe0f9a
2024-09-01 14:12:12.417 DEBUG 37840 --- [restartedMain] org.hibernate.type.BasicTypeRegistry     : Adding type registration java.util.TimeZone -> org.hibernate.type.TimeZoneType@1afe0f9a
2024-09-01 14:12:12.418 DEBUG 37840 --- [restartedMain] org.hibernate.type.BasicTypeRegistry     : Adding type registration class -> org.hibernate.type.ClassType@2dd3889f
2024-09-01 14:12:12.418 DEBUG 37840 --- [restartedMain] org.hibernate.type.BasicTypeRegistry     : Adding type registration java.lang.Class -> org.hibernate.type.ClassType@2dd3889f
2024-09-01 14:12:12.418 DEBUG 37840 --- [restartedMain] org.hibernate.type.BasicTypeRegistry     : Adding type registration uuid-binary -> org.hibernate.type.UUIDBinaryType@5ad344e8
2024-09-01 14:12:12.418 DEBUG 37840 --- [restartedMain] org.hibernate.type.BasicTypeRegistry     : Adding type registration java.util.UUID -> org.hibernate.type.UUIDBinaryType@5ad344e8
2024-09-01 14:12:12.419 DEBUG 37840 --- [restartedMain] org.hibernate.type.BasicTypeRegistry     : Adding type registration uuid-char -> org.hibernate.type.UUIDCharType@197b9cb6
2024-09-01 14:12:12.419 DEBUG 37840 --- [restartedMain] org.hibernate.type.BasicTypeRegistry     : Adding type registration binary -> org.hibernate.type.BinaryType@732bb47b
2024-09-01 14:12:12.420 DEBUG 37840 --- [restartedMain] org.hibernate.type.BasicTypeRegistry     : Adding type registration byte[] -> org.hibernate.type.BinaryType@732bb47b
2024-09-01 14:12:12.420 DEBUG 37840 --- [restartedMain] org.hibernate.type.BasicTypeRegistry     : Adding type registration [B -> org.hibernate.type.BinaryType@732bb47b
2024-09-01 14:12:12.420 DEBUG 37840 --- [restartedMain] org.hibernate.type.BasicTypeRegistry     : Adding type registration wrapper-binary -> org.hibernate.type.WrapperBinaryType@45cc203c
2024-09-01 14:12:12.420 DEBUG 37840 --- [restartedMain] org.hibernate.type.BasicTypeRegistry     : Adding type registration Byte[] -> org.hibernate.type.WrapperBinaryType@45cc203c
2024-09-01 14:12:12.420 DEBUG 37840 --- [restartedMain] org.hibernate.type.BasicTypeRegistry     : Adding type registration [Ljava.lang.Byte; -> org.hibernate.type.WrapperBinaryType@45cc203c
2024-09-01 14:12:12.421 DEBUG 37840 --- [restartedMain] org.hibernate.type.BasicTypeRegistry     : Adding type registration row_version -> org.hibernate.type.RowVersionType@2337aa94
2024-09-01 14:12:12.421 DEBUG 37840 --- [restartedMain] org.hibernate.type.BasicTypeRegistry     : Adding type registration image -> org.hibernate.type.ImageType@2747ba35
2024-09-01 14:12:12.421 DEBUG 37840 --- [restartedMain] org.hibernate.type.BasicTypeRegistry     : Adding type registration characters -> org.hibernate.type.CharArrayType@1fc964aa
2024-09-01 14:12:12.421 DEBUG 37840 --- [restartedMain] org.hibernate.type.BasicTypeRegistry     : Adding type registration char[] -> org.hibernate.type.CharArrayType@1fc964aa
2024-09-01 14:12:12.421 DEBUG 37840 --- [restartedMain] org.hibernate.type.BasicTypeRegistry     : Adding type registration [C -> org.hibernate.type.CharArrayType@1fc964aa
2024-09-01 14:12:12.422 DEBUG 37840 --- [restartedMain] org.hibernate.type.BasicTypeRegistry     : Adding type registration wrapper-characters -> org.hibernate.type.CharacterArrayType@622e097b
2024-09-01 14:12:12.422 DEBUG 37840 --- [restartedMain] org.hibernate.type.BasicTypeRegistry     : Adding type registration [Ljava.lang.Character; -> org.hibernate.type.CharacterArrayType@622e097b
2024-09-01 14:12:12.422 DEBUG 37840 --- [restartedMain] org.hibernate.type.BasicTypeRegistry     : Adding type registration Character[] -> org.hibernate.type.CharacterArrayType@622e097b
2024-09-01 14:12:12.423 DEBUG 37840 --- [restartedMain] org.hibernate.type.BasicTypeRegistry     : Adding type registration text -> org.hibernate.type.TextType@75cf362e
2024-09-01 14:12:12.423 DEBUG 37840 --- [restartedMain] org.hibernate.type.BasicTypeRegistry     : Adding type registration ntext -> org.hibernate.type.NTextType@5b4072f
2024-09-01 14:12:12.424 DEBUG 37840 --- [restartedMain] org.hibernate.type.BasicTypeRegistry     : Adding type registration blob -> org.hibernate.type.BlobType@e535f67
2024-09-01 14:12:12.424 DEBUG 37840 --- [restartedMain] org.hibernate.type.BasicTypeRegistry     : Adding type registration java.sql.Blob -> org.hibernate.type.BlobType@e535f67
2024-09-01 14:12:12.425 DEBUG 37840 --- [restartedMain] org.hibernate.type.BasicTypeRegistry     : Adding type registration materialized_blob -> org.hibernate.type.MaterializedBlobType@55146926
2024-09-01 14:12:12.427 DEBUG 37840 --- [restartedMain] org.hibernate.type.BasicTypeRegistry     : Adding type registration clob -> org.hibernate.type.ClobType@19e34fad
2024-09-01 14:12:12.427 DEBUG 37840 --- [restartedMain] org.hibernate.type.BasicTypeRegistry     : Adding type registration java.sql.Clob -> org.hibernate.type.ClobType@19e34fad
2024-09-01 14:12:12.429 DEBUG 37840 --- [restartedMain] org.hibernate.type.BasicTypeRegistry     : Adding type registration nclob -> org.hibernate.type.NClobType@3d72e2c1
2024-09-01 14:12:12.429 DEBUG 37840 --- [restartedMain] org.hibernate.type.BasicTypeRegistry     : Adding type registration java.sql.NClob -> org.hibernate.type.NClobType@3d72e2c1
2024-09-01 14:12:12.430 DEBUG 37840 --- [restartedMain] org.hibernate.type.BasicTypeRegistry     : Adding type registration materialized_clob -> org.hibernate.type.MaterializedClobType@5aadb086
2024-09-01 14:12:12.430 DEBUG 37840 --- [restartedMain] org.hibernate.type.BasicTypeRegistry     : Adding type registration materialized_nclob -> org.hibernate.type.MaterializedNClobType@4f619b15
2024-09-01 14:12:12.430 DEBUG 37840 --- [restartedMain] org.hibernate.type.BasicTypeRegistry     : Adding type registration serializable -> org.hibernate.type.SerializableType@1d88a6a8
2024-09-01 14:12:12.434 DEBUG 37840 --- [restartedMain] org.hibernate.type.BasicTypeRegistry     : Adding type registration object -> org.hibernate.type.ObjectType@169cafd8
2024-09-01 14:12:12.434 DEBUG 37840 --- [restartedMain] org.hibernate.type.BasicTypeRegistry     : Adding type registration java.lang.Object -> org.hibernate.type.ObjectType@169cafd8
2024-09-01 14:12:12.435 DEBUG 37840 --- [restartedMain] org.hibernate.type.BasicTypeRegistry     : Adding type registration imm_date -> org.hibernate.type.AdaptedImmutableType@4093adbc
2024-09-01 14:12:12.435 DEBUG 37840 --- [restartedMain] org.hibernate.type.BasicTypeRegistry     : Adding type registration imm_time -> org.hibernate.type.AdaptedImmutableType@3596765d
2024-09-01 14:12:12.435 DEBUG 37840 --- [restartedMain] org.hibernate.type.BasicTypeRegistry     : Adding type registration imm_timestamp -> org.hibernate.type.AdaptedImmutableType@32a146f
2024-09-01 14:12:12.435 DEBUG 37840 --- [restartedMain] org.hibernate.type.BasicTypeRegistry     : Adding type registration imm_dbtimestamp -> org.hibernate.type.AdaptedImmutableType@21b9db9f
2024-09-01 14:12:12.435 DEBUG 37840 --- [restartedMain] org.hibernate.type.BasicTypeRegistry     : Adding type registration imm_calendar -> org.hibernate.type.AdaptedImmutableType@7c9a6c59
2024-09-01 14:12:12.435 DEBUG 37840 --- [restartedMain] org.hibernate.type.BasicTypeRegistry     : Adding type registration imm_calendar_date -> org.hibernate.type.AdaptedImmutableType@7a38c909
2024-09-01 14:12:12.435 DEBUG 37840 --- [restartedMain] org.hibernate.type.BasicTypeRegistry     : Adding type registration imm_binary -> org.hibernate.type.AdaptedImmutableType@2962234d
2024-09-01 14:12:12.435 DEBUG 37840 --- [restartedMain] org.hibernate.type.BasicTypeRegistry     : Adding type registration imm_serializable -> org.hibernate.type.AdaptedImmutableType@46e870dd
2024-09-01 14:12:12.444 DEBUG 37840 --- [restartedMain] o.h.boot.internal.BootstrapContextImpl   : Injecting JPA temp ClassLoader [org.springframework.instrument.classloading.SimpleThrowawayClassLoader@5f3673cf] into BootstrapContext; was [null]
2024-09-01 14:12:12.444 DEBUG 37840 --- [restartedMain] o.h.boot.internal.ClassLoaderAccessImpl  : ClassLoaderAccessImpl#injectTempClassLoader(org.springframework.instrument.classloading.SimpleThrowawayClassLoader@5f3673cf) [was null]
2024-09-01 14:12:12.444 DEBUG 37840 --- [restartedMain] o.h.boot.internal.BootstrapContextImpl   : Injecting ScanEnvironment [org.hibernate.jpa.boot.internal.StandardJpaScanEnvironmentImpl@43f395f5] into BootstrapContext; was [null]
2024-09-01 14:12:12.444 DEBUG 37840 --- [restartedMain] o.h.boot.internal.BootstrapContextImpl   : Injecting ScanOptions [org.hibernate.boot.archive.scan.internal.StandardScanOptions@26e3ea70] into BootstrapContext; was [org.hibernate.boot.archive.scan.internal.StandardScanOptions@74a23dd9]
2024-09-01 14:12:12.467 DEBUG 37840 --- [restartedMain] o.h.boot.internal.BootstrapContextImpl   : Injecting JPA temp ClassLoader [null] into BootstrapContext; was [org.springframework.instrument.classloading.SimpleThrowawayClassLoader@5f3673cf]
2024-09-01 14:12:12.467 DEBUG 37840 --- [restartedMain] o.h.boot.internal.ClassLoaderAccessImpl  : ClassLoaderAccessImpl#injectTempClassLoader(null) [was org.springframework.instrument.classloading.SimpleThrowawayClassLoader@5f3673cf]
2024-09-01 14:12:12.484 DEBUG 37840 --- [restartedMain] .i.f.i.DefaultIdentifierGeneratorFactory : Registering IdentifierGenerator strategy [uuid2] -> [org.hibernate.id.UUIDGenerator]
2024-09-01 14:12:12.484 DEBUG 37840 --- [restartedMain] .i.f.i.DefaultIdentifierGeneratorFactory : Registering IdentifierGenerator strategy [guid] -> [org.hibernate.id.GUIDGenerator]
2024-09-01 14:12:12.486 DEBUG 37840 --- [restartedMain] .i.f.i.DefaultIdentifierGeneratorFactory : Registering IdentifierGenerator strategy [uuid] -> [org.hibernate.id.UUIDHexGenerator]
2024-09-01 14:12:12.486 DEBUG 37840 --- [restartedMain] .i.f.i.DefaultIdentifierGeneratorFactory : Registering IdentifierGenerator strategy [uuid.hex] -> [org.hibernate.id.UUIDHexGenerator]
2024-09-01 14:12:12.486 DEBUG 37840 --- [restartedMain] .i.f.i.DefaultIdentifierGeneratorFactory : Registering IdentifierGenerator strategy [assigned] -> [org.hibernate.id.Assigned]
2024-09-01 14:12:12.487 DEBUG 37840 --- [restartedMain] .i.f.i.DefaultIdentifierGeneratorFactory : Registering IdentifierGenerator strategy [identity] -> [org.hibernate.id.IdentityGenerator]
2024-09-01 14:12:12.488 DEBUG 37840 --- [restartedMain] .i.f.i.DefaultIdentifierGeneratorFactory : Registering IdentifierGenerator strategy [select] -> [org.hibernate.id.SelectGenerator]
2024-09-01 14:12:12.490 DEBUG 37840 --- [restartedMain] .i.f.i.DefaultIdentifierGeneratorFactory : Registering IdentifierGenerator strategy [sequence] -> [org.hibernate.id.enhanced.SequenceStyleGenerator]
2024-09-01 14:12:12.492 DEBUG 37840 --- [restartedMain] .i.f.i.DefaultIdentifierGeneratorFactory : Registering IdentifierGenerator strategy [seqhilo] -> [org.hibernate.id.SequenceHiLoGenerator]
2024-09-01 14:12:12.494 DEBUG 37840 --- [restartedMain] .i.f.i.DefaultIdentifierGeneratorFactory : Registering IdentifierGenerator strategy [increment] -> [org.hibernate.id.IncrementGenerator]
2024-09-01 14:12:12.495 DEBUG 37840 --- [restartedMain] .i.f.i.DefaultIdentifierGeneratorFactory : Registering IdentifierGenerator strategy [foreign] -> [org.hibernate.id.ForeignGenerator]
2024-09-01 14:12:12.496 DEBUG 37840 --- [restartedMain] .i.f.i.DefaultIdentifierGeneratorFactory : Registering IdentifierGenerator strategy [sequence-identity] -> [org.hibernate.id.SequenceIdentityGenerator]
2024-09-01 14:12:12.496 DEBUG 37840 --- [restartedMain] .i.f.i.DefaultIdentifierGeneratorFactory : Registering IdentifierGenerator strategy [enhanced-sequence] -> [org.hibernate.id.enhanced.SequenceStyleGenerator]
2024-09-01 14:12:12.499 DEBUG 37840 --- [restartedMain] .i.f.i.DefaultIdentifierGeneratorFactory : Registering IdentifierGenerator strategy [enhanced-table] -> [org.hibernate.id.enhanced.TableGenerator]
2024-09-01 14:12:12.509 DEBUG 37840 --- [restartedMain] com.zaxxer.hikari.HikariConfig           : HikariPool-1 - configuration:
2024-09-01 14:12:12.513 DEBUG 37840 --- [restartedMain] com.zaxxer.hikari.HikariConfig           : allowPoolSuspension................................false
2024-09-01 14:12:12.514 DEBUG 37840 --- [restartedMain] com.zaxxer.hikari.HikariConfig           : autoCommit................................true
2024-09-01 14:12:12.514 DEBUG 37840 --- [restartedMain] com.zaxxer.hikari.HikariConfig           : catalog................................none
2024-09-01 14:12:12.514 DEBUG 37840 --- [restartedMain] com.zaxxer.hikari.HikariConfig           : connectionInitSql................................none
2024-09-01 14:12:12.514 DEBUG 37840 --- [restartedMain] com.zaxxer.hikari.HikariConfig           : connectionTestQuery................................none
2024-09-01 14:12:12.518 DEBUG 37840 --- [restartedMain] com.zaxxer.hikari.HikariConfig           : connectionTimeout................................60000
2024-09-01 14:12:12.519 DEBUG 37840 --- [restartedMain] com.zaxxer.hikari.HikariConfig           : dataSource................................none
2024-09-01 14:12:12.519 DEBUG 37840 --- [restartedMain] com.zaxxer.hikari.HikariConfig           : dataSourceClassName................................none
2024-09-01 14:12:12.520 DEBUG 37840 --- [restartedMain] com.zaxxer.hikari.HikariConfig           : dataSourceJNDI................................none
2024-09-01 14:12:12.520 DEBUG 37840 --- [restartedMain] com.zaxxer.hikari.HikariConfig           : dataSourceProperties................................{password=<masked>}
2024-09-01 14:12:12.520 DEBUG 37840 --- [restartedMain] com.zaxxer.hikari.HikariConfig           : driverClassName................................"org.postgresql.Driver"
2024-09-01 14:12:12.521 DEBUG 37840 --- [restartedMain] com.zaxxer.hikari.HikariConfig           : exceptionOverrideClassName................................none
2024-09-01 14:12:12.521 DEBUG 37840 --- [restartedMain] com.zaxxer.hikari.HikariConfig           : healthCheckProperties................................{}
2024-09-01 14:12:12.521 DEBUG 37840 --- [restartedMain] com.zaxxer.hikari.HikariConfig           : healthCheckRegistry................................none
2024-09-01 14:12:12.521 DEBUG 37840 --- [restartedMain] com.zaxxer.hikari.HikariConfig           : idleTimeout................................600000
2024-09-01 14:12:12.521 DEBUG 37840 --- [restartedMain] com.zaxxer.hikari.HikariConfig           : initializationFailTimeout................................1
2024-09-01 14:12:12.522 DEBUG 37840 --- [restartedMain] com.zaxxer.hikari.HikariConfig           : isolateInternalQueries................................false
2024-09-01 14:12:12.522 DEBUG 37840 --- [restartedMain] com.zaxxer.hikari.HikariConfig           : jdbcUrl................................jdbc:postgresql://aws-0-us-west-1.pooler.supabase.com:5432/postgres
2024-09-01 14:12:12.522 DEBUG 37840 --- [restartedMain] com.zaxxer.hikari.HikariConfig           : keepaliveTime................................300000
2024-09-01 14:12:12.522 DEBUG 37840 --- [restartedMain] com.zaxxer.hikari.HikariConfig           : leakDetectionThreshold................................2000
2024-09-01 14:12:12.523 DEBUG 37840 --- [restartedMain] com.zaxxer.hikari.HikariConfig           : maxLifetime................................1800000
2024-09-01 14:12:12.523 DEBUG 37840 --- [restartedMain] com.zaxxer.hikari.HikariConfig           : maximumPoolSize................................20
2024-09-01 14:12:12.523 DEBUG 37840 --- [restartedMain] com.zaxxer.hikari.HikariConfig           : metricRegistry................................none
2024-09-01 14:12:12.524 DEBUG 37840 --- [restartedMain] com.zaxxer.hikari.HikariConfig           : metricsTrackerFactory................................none
2024-09-01 14:12:12.524 DEBUG 37840 --- [restartedMain] com.zaxxer.hikari.HikariConfig           : minimumIdle................................5
2024-09-01 14:12:12.524 DEBUG 37840 --- [restartedMain] com.zaxxer.hikari.HikariConfig           : password................................<masked>
2024-09-01 14:12:12.525 DEBUG 37840 --- [restartedMain] com.zaxxer.hikari.HikariConfig           : poolName................................"HikariPool-1"
2024-09-01 14:12:12.526 DEBUG 37840 --- [restartedMain] com.zaxxer.hikari.HikariConfig           : readOnly................................false
2024-09-01 14:12:12.526 DEBUG 37840 --- [restartedMain] com.zaxxer.hikari.HikariConfig           : registerMbeans................................false
2024-09-01 14:12:12.526 DEBUG 37840 --- [restartedMain] com.zaxxer.hikari.HikariConfig           : scheduledExecutor................................none
2024-09-01 14:12:12.527 DEBUG 37840 --- [restartedMain] com.zaxxer.hikari.HikariConfig           : schema................................none
2024-09-01 14:12:12.527 DEBUG 37840 --- [restartedMain] com.zaxxer.hikari.HikariConfig           : threadFactory................................internal
2024-09-01 14:12:12.527 DEBUG 37840 --- [restartedMain] com.zaxxer.hikari.HikariConfig           : transactionIsolation................................default
2024-09-01 14:12:12.527 DEBUG 37840 --- [restartedMain] com.zaxxer.hikari.HikariConfig           : username................................"postgres.stotkhhxthwumwcutuxz"
2024-09-01 14:12:12.528 DEBUG 37840 --- [restartedMain] com.zaxxer.hikari.HikariConfig           : validationTimeout................................5000
2024-09-01 14:12:12.528  INFO 37840 --- [restartedMain] com.zaxxer.hikari.HikariDataSource       : HikariPool-1 - Starting...
2024-09-01 14:12:14.656 DEBUG 37840 --- [restartedMain] com.zaxxer.hikari.pool.HikariPool        : HikariPool-1 - Added connection org.postgresql.jdbc.PgConnection@1301cfdc
2024-09-01 14:12:14.657  INFO 37840 --- [restartedMain] com.zaxxer.hikari.HikariDataSource       : HikariPool-1 - Start completed.
2024-09-01 14:12:14.662 DEBUG 37840 --- [restartedMain] o.h.e.j.e.i.JdbcEnvironmentInitiator     : Database ->
       name : PostgreSQL
    version : 15.6
      major : 15
      minor : 6
2024-09-01 14:12:14.662 DEBUG 37840 --- [restartedMain] o.h.e.j.e.i.JdbcEnvironmentInitiator     : Driver ->
       name : PostgreSQL JDBC Driver
    version : 42.3.6
      major : 42
      minor : 3
2024-09-01 14:12:14.663 DEBUG 37840 --- [restartedMain] o.h.e.j.e.i.JdbcEnvironmentInitiator     : JDBC version : 4.2
2024-09-01 14:12:14.681  INFO 37840 --- [restartedMain] org.hibernate.dialect.Dialect            : HHH000400: Using dialect: org.hibernate.dialect.PostgreSQLDialect
2024-09-01 14:12:14.692 DEBUG 37840 --- [restartedMain] o.h.e.j.env.spi.IdentifierHelperBuilder  : JDBC driver metadata reported database stores quoted identifiers in neither upper, lower nor mixed case
2024-09-01 14:12:14.758 DEBUG 37840 --- [HikariPool-1 housekeeper] com.zaxxer.hikari.pool.HikariPool        : HikariPool-1 - Before cleanup stats (total=1, active=1, idle=0, waiting=0)
2024-09-01 14:12:14.759 DEBUG 37840 --- [HikariPool-1 housekeeper] com.zaxxer.hikari.pool.HikariPool        : HikariPool-1 - After cleanup  stats (total=1, active=1, idle=0, waiting=0)
2024-09-01 14:12:14.940 DEBUG 37840 --- [restartedMain] org.hibernate.type.BasicTypeRegistry     : Adding type registration pg-uuid -> org.hibernate.type.PostgresUUIDType@4578f53
2024-09-01 14:12:14.940 DEBUG 37840 --- [restartedMain] org.hibernate.type.BasicTypeRegistry     : Adding type registration java.util.UUID -> org.hibernate.type.PostgresUUIDType@4578f53
2024-09-01 14:12:14.941 DEBUG 37840 --- [restartedMain] org.hibernate.type.BasicTypeRegistry     : HHH000270: Type registration [java.util.UUID] overrides previous : org.hibernate.type.UUIDBinaryType@5ad344e8
2024-09-01 14:12:14.943 DEBUG 37840 --- [restartedMain] o.h.type.spi.TypeConfiguration$Scope     : Scoping TypeConfiguration [org.hibernate.type.spi.TypeConfiguration@46c34648] to MetadataBuildingContext [org.hibernate.boot.internal.MetadataBuildingContextRootImpl@516d2892]
2024-09-01 14:12:15.011 DEBUG 37840 --- [restartedMain] o.h.boot.model.relational.Namespace      : Created database namespace [logicalName=Name{catalog=null, schema=null}, physicalName=Name{catalog=null, schema=null}]
2024-09-01 14:12:15.028 DEBUG 37840 --- [restartedMain] org.hibernate.cfg.AnnotationBinder       : Binding entity from annotated class: mvc.moiso.modelos.Empleado
2024-09-01 14:12:15.054 DEBUG 37840 --- [restartedMain] org.hibernate.cfg.Ejb3Column             : Binding column: Ejb3DiscriminatorColumn{logicalColumnName'DTYPE', discriminatorTypeName='string'}
2024-09-01 14:12:15.063 DEBUG 37840 --- [restartedMain] o.h.cfg.annotations.EntityBinder         : Import with entity name Empleado
2024-09-01 14:12:15.066 DEBUG 37840 --- [restartedMain] o.h.cfg.annotations.EntityBinder         : Bind entity mvc.moiso.modelos.Empleado on table empleados
2024-09-01 14:12:15.082 DEBUG 37840 --- [restartedMain] org.hibernate.cfg.Ejb3Column             : Binding column: Ejb3Column{table=org.hibernate.mapping.Table(empleados), mappingColumn=id, insertable=true, updatable=true, unique=false}
2024-09-01 14:12:15.086 DEBUG 37840 --- [restartedMain] o.h.boot.internal.ClassLoaderAccessImpl  : Not known whether passed class name [mvc.moiso.modelos.Empleado] is safe
2024-09-01 14:12:15.086 DEBUG 37840 --- [restartedMain] o.h.boot.internal.ClassLoaderAccessImpl  : No temp ClassLoader provided; using live ClassLoader for loading potentially unsafe class : mvc.moiso.modelos.Empleado
2024-09-01 14:12:15.087 DEBUG 37840 --- [restartedMain] o.h.cfg.annotations.PropertyBinder       : MetadataSourceProcessor property id with lazy=false
2024-09-01 14:12:15.091 DEBUG 37840 --- [restartedMain] o.hibernate.cfg.AbstractPropertyHolder   : Attempting to locate auto-apply AttributeConverter for property [mvc.moiso.modelos.Empleado:id]
2024-09-01 14:12:15.095 DEBUG 37840 --- [restartedMain] o.h.cfg.annotations.SimpleValueBinder    : building SimpleValue for id
2024-09-01 14:12:15.097 DEBUG 37840 --- [restartedMain] o.h.cfg.annotations.PropertyBinder       : Building property id
2024-09-01 14:12:15.099 DEBUG 37840 --- [restartedMain] org.hibernate.cfg.BinderHelper           : #makeIdGenerator(org.hibernate.mapping.SimpleValue([org.hibernate.mapping.Column(id)]), id, org.hibernate.id.enhanced.SequenceStyleGenerator, , ...)
2024-09-01 14:12:15.100 DEBUG 37840 --- [restartedMain] org.hibernate.cfg.Ejb3Column             : Binding column: Ejb3Column{table=org.hibernate.mapping.Table(empleados), mappingColumn=correo, insertable=true, updatable=true, unique=false}
2024-09-01 14:12:15.100 DEBUG 37840 --- [restartedMain] o.h.cfg.annotations.PropertyBinder       : MetadataSourceProcessor property correo with lazy=false
2024-09-01 14:12:15.100 DEBUG 37840 --- [restartedMain] o.hibernate.cfg.AbstractPropertyHolder   : Attempting to locate auto-apply AttributeConverter for property [mvc.moiso.modelos.Empleado:correo]
2024-09-01 14:12:15.100 DEBUG 37840 --- [restartedMain] o.h.cfg.annotations.SimpleValueBinder    : building SimpleValue for correo
2024-09-01 14:12:15.100 DEBUG 37840 --- [restartedMain] o.h.cfg.annotations.PropertyBinder       : Building property correo
2024-09-01 14:12:15.100 DEBUG 37840 --- [restartedMain] org.hibernate.cfg.Ejb3Column             : Binding column: Ejb3JoinColumn{logicalColumnName='empresa_id', referencedColumn='', mappedBy=''}
2024-09-01 14:12:15.100 DEBUG 37840 --- [restartedMain] org.hibernate.cfg.Ejb3Column             : Binding column: Ejb3Column{table=org.hibernate.mapping.Table(empleados), mappingColumn=empresa, insertable=true, updatable=true, unique=false}
2024-09-01 14:12:15.104 DEBUG 37840 --- [restartedMain] o.h.cfg.annotations.PropertyBinder       : Building property empresa
2024-09-01 14:12:15.104 DEBUG 37840 --- [restartedMain] org.hibernate.cfg.Ejb3Column             : Binding column: Ejb3Column{table=org.hibernate.mapping.Table(empleados), mappingColumn=estado, insertable=true, updatable=true, unique=false}
2024-09-01 14:12:15.105 DEBUG 37840 --- [restartedMain] o.h.cfg.annotations.PropertyBinder       : MetadataSourceProcessor property estado with lazy=false
2024-09-01 14:12:15.105 DEBUG 37840 --- [restartedMain] o.hibernate.cfg.AbstractPropertyHolder   : Attempting to locate auto-apply AttributeConverter for property [mvc.moiso.modelos.Empleado:estado]
2024-09-01 14:12:15.105 DEBUG 37840 --- [restartedMain] o.h.cfg.annotations.SimpleValueBinder    : building SimpleValue for estado
2024-09-01 14:12:15.105 DEBUG 37840 --- [restartedMain] o.h.cfg.annotations.PropertyBinder       : Building property estado
2024-09-01 14:12:15.105 DEBUG 37840 --- [restartedMain] org.hibernate.cfg.Ejb3Column             : Binding column: Ejb3Column{table=org.hibernate.mapping.Table(empleados), mappingColumn=nombre, insertable=true, updatable=true, unique=false}
2024-09-01 14:12:15.105 DEBUG 37840 --- [restartedMain] o.h.cfg.annotations.PropertyBinder       : MetadataSourceProcessor property nombre with lazy=false
2024-09-01 14:12:15.105 DEBUG 37840 --- [restartedMain] o.hibernate.cfg.AbstractPropertyHolder   : Attempting to locate auto-apply AttributeConverter for property [mvc.moiso.modelos.Empleado:nombre]
2024-09-01 14:12:15.106 DEBUG 37840 --- [restartedMain] o.h.cfg.annotations.SimpleValueBinder    : building SimpleValue for nombre
2024-09-01 14:12:15.106 DEBUG 37840 --- [restartedMain] o.h.cfg.annotations.PropertyBinder       : Building property nombre
2024-09-01 14:12:15.106 DEBUG 37840 --- [restartedMain] org.hibernate.cfg.Ejb3Column             : Binding column: Ejb3Column{table=org.hibernate.mapping.Table(empleados), mappingColumn=password, insertable=true, updatable=true, unique=false}
2024-09-01 14:12:15.106 DEBUG 37840 --- [restartedMain] o.h.cfg.annotations.PropertyBinder       : MetadataSourceProcessor property password with lazy=false
2024-09-01 14:12:15.106 DEBUG 37840 --- [restartedMain] o.hibernate.cfg.AbstractPropertyHolder   : Attempting to locate auto-apply AttributeConverter for property [mvc.moiso.modelos.Empleado:password]
2024-09-01 14:12:15.106 DEBUG 37840 --- [restartedMain] o.h.cfg.annotations.SimpleValueBinder    : building SimpleValue for password
2024-09-01 14:12:15.106 DEBUG 37840 --- [restartedMain] o.h.cfg.annotations.PropertyBinder       : Building property password
2024-09-01 14:12:15.106 DEBUG 37840 --- [restartedMain] org.hibernate.cfg.Ejb3Column             : Binding column: Ejb3Column{table=org.hibernate.mapping.Table(empleados), mappingColumn=rol, insertable=true, updatable=true, unique=false}
2024-09-01 14:12:15.106 DEBUG 37840 --- [restartedMain] o.h.cfg.annotations.PropertyBinder       : MetadataSourceProcessor property rol with lazy=false
2024-09-01 14:12:15.106 DEBUG 37840 --- [restartedMain] o.hibernate.cfg.AbstractPropertyHolder   : Attempting to locate auto-apply AttributeConverter for property [mvc.moiso.modelos.Empleado:rol]
2024-09-01 14:12:15.106 DEBUG 37840 --- [restartedMain] o.h.cfg.annotations.SimpleValueBinder    : building SimpleValue for rol
2024-09-01 14:12:15.106 DEBUG 37840 --- [restartedMain] o.h.cfg.annotations.PropertyBinder       : Building property rol
2024-09-01 14:12:15.113 DEBUG 37840 --- [restartedMain] org.hibernate.cfg.AnnotationBinder       : Binding entity from annotated class: mvc.moiso.modelos.Empresa
2024-09-01 14:12:15.113 DEBUG 37840 --- [restartedMain] org.hibernate.cfg.Ejb3Column             : Binding column: Ejb3DiscriminatorColumn{logicalColumnName'DTYPE', discriminatorTypeName='string'}
2024-09-01 14:12:15.114 DEBUG 37840 --- [restartedMain] o.h.cfg.annotations.EntityBinder         : Import with entity name Empresa
2024-09-01 14:12:15.114 DEBUG 37840 --- [restartedMain] o.h.cfg.annotations.EntityBinder         : Bind entity mvc.moiso.modelos.Empresa on table empresa
2024-09-01 14:12:15.115 DEBUG 37840 --- [restartedMain] org.hibernate.cfg.Ejb3Column             : Binding column: Ejb3Column{table=org.hibernate.mapping.Table(empresa), mappingColumn=id, insertable=true, updatable=true, unique=false}
2024-09-01 14:12:15.116 DEBUG 37840 --- [restartedMain] o.h.boot.internal.ClassLoaderAccessImpl  : Not known whether passed class name [mvc.moiso.modelos.Empresa] is safe
2024-09-01 14:12:15.116 DEBUG 37840 --- [restartedMain] o.h.boot.internal.ClassLoaderAccessImpl  : No temp ClassLoader provided; using live ClassLoader for loading potentially unsafe class : mvc.moiso.modelos.Empresa
2024-09-01 14:12:15.116 DEBUG 37840 --- [restartedMain] o.h.cfg.annotations.PropertyBinder       : MetadataSourceProcessor property id with lazy=false
2024-09-01 14:12:15.116 DEBUG 37840 --- [restartedMain] o.hibernate.cfg.AbstractPropertyHolder   : Attempting to locate auto-apply AttributeConverter for property [mvc.moiso.modelos.Empresa:id]
2024-09-01 14:12:15.116 DEBUG 37840 --- [restartedMain] o.h.cfg.annotations.SimpleValueBinder    : building SimpleValue for id
2024-09-01 14:12:15.116 DEBUG 37840 --- [restartedMain] o.h.cfg.annotations.PropertyBinder       : Building property id
2024-09-01 14:12:15.116 DEBUG 37840 --- [restartedMain] org.hibernate.cfg.BinderHelper           : #makeIdGenerator(org.hibernate.mapping.SimpleValue([org.hibernate.mapping.Column(id)]), id, org.hibernate.id.enhanced.SequenceStyleGenerator, , ...)
2024-09-01 14:12:15.116 DEBUG 37840 --- [restartedMain] org.hibernate.cfg.Ejb3Column             : Binding column: Ejb3Column{table=org.hibernate.mapping.Table(empresa), mappingColumn=nit, insertable=true, updatable=true, unique=false}
2024-09-01 14:12:15.117 DEBUG 37840 --- [restartedMain] o.h.cfg.annotations.PropertyBinder       : MetadataSourceProcessor property NIT with lazy=false
2024-09-01 14:12:15.117 DEBUG 37840 --- [restartedMain] o.hibernate.cfg.AbstractPropertyHolder   : Attempting to locate auto-apply AttributeConverter for property [mvc.moiso.modelos.Empresa:NIT]
2024-09-01 14:12:15.117 DEBUG 37840 --- [restartedMain] o.h.cfg.annotations.SimpleValueBinder    : building SimpleValue for NIT
2024-09-01 14:12:15.117 DEBUG 37840 --- [restartedMain] o.h.cfg.annotations.PropertyBinder       : Building property NIT
2024-09-01 14:12:15.117 DEBUG 37840 --- [restartedMain] org.hibernate.cfg.Ejb3Column             : Binding column: Ejb3Column{table=org.hibernate.mapping.Table(empresa), mappingColumn=direccion, insertable=true, updatable=true, unique=false}
2024-09-01 14:12:15.117 DEBUG 37840 --- [restartedMain] o.h.cfg.annotations.PropertyBinder       : MetadataSourceProcessor property direccion with lazy=false
2024-09-01 14:12:15.117 DEBUG 37840 --- [restartedMain] o.hibernate.cfg.AbstractPropertyHolder   : Attempting to locate auto-apply AttributeConverter for property [mvc.moiso.modelos.Empresa:direccion]
2024-09-01 14:12:15.117 DEBUG 37840 --- [restartedMain] o.h.cfg.annotations.SimpleValueBinder    : building SimpleValue for direccion
2024-09-01 14:12:15.117 DEBUG 37840 --- [restartedMain] o.h.cfg.annotations.PropertyBinder       : Building property direccion
2024-09-01 14:12:15.117 DEBUG 37840 --- [restartedMain] org.hibernate.cfg.Ejb3Column             : Binding column: Ejb3Column{table=org.hibernate.mapping.Table(empresa), mappingColumn=nombre, insertable=true, updatable=true, unique=false}
2024-09-01 14:12:15.118 DEBUG 37840 --- [restartedMain] o.h.cfg.annotations.PropertyBinder       : MetadataSourceProcessor property nombre with lazy=false
2024-09-01 14:12:15.118 DEBUG 37840 --- [restartedMain] o.hibernate.cfg.AbstractPropertyHolder   : Attempting to locate auto-apply AttributeConverter for property [mvc.moiso.modelos.Empresa:nombre]
2024-09-01 14:12:15.118 DEBUG 37840 --- [restartedMain] o.h.cfg.annotations.SimpleValueBinder    : building SimpleValue for nombre
2024-09-01 14:12:15.118 DEBUG 37840 --- [restartedMain] o.h.cfg.annotations.PropertyBinder       : Building property nombre
2024-09-01 14:12:15.118 DEBUG 37840 --- [restartedMain] org.hibernate.cfg.Ejb3Column             : Binding column: Ejb3Column{table=org.hibernate.mapping.Table(empresa), mappingColumn=telefono, insertable=true, updatable=true, unique=false}
2024-09-01 14:12:15.118 DEBUG 37840 --- [restartedMain] o.h.cfg.annotations.PropertyBinder       : MetadataSourceProcessor property telefono with lazy=false
2024-09-01 14:12:15.118 DEBUG 37840 --- [restartedMain] o.hibernate.cfg.AbstractPropertyHolder   : Attempting to locate auto-apply AttributeConverter for property [mvc.moiso.modelos.Empresa:telefono]
2024-09-01 14:12:15.118 DEBUG 37840 --- [restartedMain] o.h.cfg.annotations.SimpleValueBinder    : building SimpleValue for telefono
2024-09-01 14:12:15.118 DEBUG 37840 --- [restartedMain] o.h.cfg.annotations.PropertyBinder       : Building property telefono
2024-09-01 14:12:15.119 DEBUG 37840 --- [restartedMain] org.hibernate.cfg.AnnotationBinder       : Binding entity from annotated class: mvc.moiso.modelos.Movimiento
2024-09-01 14:12:15.119 DEBUG 37840 --- [restartedMain] org.hibernate.cfg.Ejb3Column             : Binding column: Ejb3DiscriminatorColumn{logicalColumnName'DTYPE', discriminatorTypeName='string'}
2024-09-01 14:12:15.119 DEBUG 37840 --- [restartedMain] o.h.cfg.annotations.EntityBinder         : Import with entity name Movimiento
2024-09-01 14:12:15.119 DEBUG 37840 --- [restartedMain] o.h.cfg.annotations.EntityBinder         : Bind entity mvc.moiso.modelos.Movimiento on table movimientos
2024-09-01 14:12:15.122 DEBUG 37840 --- [restartedMain] org.hibernate.cfg.Ejb3Column             : Binding column: Ejb3Column{table=org.hibernate.mapping.Table(movimientos), mappingColumn=id, insertable=true, updatable=true, unique=false}
2024-09-01 14:12:15.122 DEBUG 37840 --- [restartedMain] o.h.boot.internal.ClassLoaderAccessImpl  : Not known whether passed class name [mvc.moiso.modelos.Movimiento] is safe
2024-09-01 14:12:15.122 DEBUG 37840 --- [restartedMain] o.h.boot.internal.ClassLoaderAccessImpl  : No temp ClassLoader provided; using live ClassLoader for loading potentially unsafe class : mvc.moiso.modelos.Movimiento
2024-09-01 14:12:15.122 DEBUG 37840 --- [restartedMain] o.h.cfg.annotations.PropertyBinder       : MetadataSourceProcessor property id with lazy=false
2024-09-01 14:12:15.122 DEBUG 37840 --- [restartedMain] o.hibernate.cfg.AbstractPropertyHolder   : Attempting to locate auto-apply AttributeConverter for property [mvc.moiso.modelos.Movimiento:id]
2024-09-01 14:12:15.122 DEBUG 37840 --- [restartedMain] o.h.cfg.annotations.SimpleValueBinder    : building SimpleValue for id
2024-09-01 14:12:15.122 DEBUG 37840 --- [restartedMain] o.h.cfg.annotations.PropertyBinder       : Building property id
2024-09-01 14:12:15.122 DEBUG 37840 --- [restartedMain] org.hibernate.cfg.BinderHelper           : #makeIdGenerator(org.hibernate.mapping.SimpleValue([org.hibernate.mapping.Column(id)]), id, org.hibernate.id.enhanced.SequenceStyleGenerator, , ...)
2024-09-01 14:12:15.122 DEBUG 37840 --- [restartedMain] org.hibernate.cfg.Ejb3Column             : Binding column: Ejb3Column{table=org.hibernate.mapping.Table(movimientos), mappingColumn=concepto, insertable=true, updatable=true, unique=false}
2024-09-01 14:12:15.123 DEBUG 37840 --- [restartedMain] o.h.cfg.annotations.PropertyBinder       : MetadataSourceProcessor property concepto with lazy=false
2024-09-01 14:12:15.123 DEBUG 37840 --- [restartedMain] o.hibernate.cfg.AbstractPropertyHolder   : Attempting to locate auto-apply AttributeConverter for property [mvc.moiso.modelos.Movimiento:concepto]
2024-09-01 14:12:15.123 DEBUG 37840 --- [restartedMain] o.h.cfg.annotations.SimpleValueBinder    : building SimpleValue for concepto
2024-09-01 14:12:15.123 DEBUG 37840 --- [restartedMain] o.h.cfg.annotations.PropertyBinder       : Building property concepto
2024-09-01 14:12:15.123 DEBUG 37840 --- [restartedMain] org.hibernate.cfg.Ejb3Column             : Binding column: Ejb3Column{table=org.hibernate.mapping.Table(movimientos), mappingColumn=fecha, insertable=true, updatable=true, unique=false}
2024-09-01 14:12:15.123 DEBUG 37840 --- [restartedMain] o.h.cfg.annotations.PropertyBinder       : MetadataSourceProcessor property fecha with lazy=false
2024-09-01 14:12:15.123 DEBUG 37840 --- [restartedMain] o.hibernate.cfg.AbstractPropertyHolder   : Attempting to locate auto-apply AttributeConverter for property [mvc.moiso.modelos.Movimiento:fecha]
2024-09-01 14:12:15.123 DEBUG 37840 --- [restartedMain] o.h.cfg.annotations.SimpleValueBinder    : building SimpleValue for fecha
2024-09-01 14:12:15.123 DEBUG 37840 --- [restartedMain] o.h.cfg.annotations.PropertyBinder       : Building property fecha
2024-09-01 14:12:15.123 DEBUG 37840 --- [restartedMain] org.hibernate.cfg.Ejb3Column             : Binding column: Ejb3Column{table=org.hibernate.mapping.Table(movimientos), mappingColumn=monto, insertable=true, updatable=true, unique=false}
2024-09-01 14:12:15.123 DEBUG 37840 --- [restartedMain] o.h.cfg.annotations.PropertyBinder       : MetadataSourceProcessor property monto with lazy=false
2024-09-01 14:12:15.123 DEBUG 37840 --- [restartedMain] o.hibernate.cfg.AbstractPropertyHolder   : Attempting to locate auto-apply AttributeConverter for property [mvc.moiso.modelos.Movimiento:monto]
2024-09-01 14:12:15.123 DEBUG 37840 --- [restartedMain] o.h.cfg.annotations.SimpleValueBinder    : building SimpleValue for monto
2024-09-01 14:12:15.123 DEBUG 37840 --- [restartedMain] o.h.cfg.annotations.PropertyBinder       : Building property monto
2024-09-01 14:12:15.123 DEBUG 37840 --- [restartedMain] org.hibernate.cfg.Ejb3Column             : Binding column: Ejb3JoinColumn{logicalColumnName='empleado_id', referencedColumn='', mappedBy=''}
2024-09-01 14:12:15.123 DEBUG 37840 --- [restartedMain] org.hibernate.cfg.Ejb3Column             : Binding column: Ejb3Column{table=org.hibernate.mapping.Table(movimientos), mappingColumn=usuario, insertable=true, updatable=true, unique=false}
2024-09-01 14:12:15.123 DEBUG 37840 --- [restartedMain] o.h.cfg.annotations.PropertyBinder       : Building property usuario
2024-09-01 14:12:15.125 DEBUG 37840 --- [restartedMain] o.h.cfg.annotations.SimpleValueBinder    : Starting fillSimpleValue for id
2024-09-01 14:12:15.126 DEBUG 37840 --- [restartedMain] o.h.cfg.annotations.SimpleValueBinder    : Starting fillSimpleValue for correo
2024-09-01 14:12:15.126 DEBUG 37840 --- [restartedMain] o.h.cfg.annotations.SimpleValueBinder    : Starting fillSimpleValue for estado
2024-09-01 14:12:15.126 DEBUG 37840 --- [restartedMain] o.h.cfg.annotations.SimpleValueBinder    : Starting fillSimpleValue for nombre
2024-09-01 14:12:15.126 DEBUG 37840 --- [restartedMain] o.h.cfg.annotations.SimpleValueBinder    : Starting fillSimpleValue for password
2024-09-01 14:12:15.126 DEBUG 37840 --- [restartedMain] o.h.cfg.annotations.SimpleValueBinder    : Starting fillSimpleValue for rol
2024-09-01 14:12:15.126 DEBUG 37840 --- [restartedMain] o.h.cfg.annotations.SimpleValueBinder    : Starting fillSimpleValue for id
2024-09-01 14:12:15.126 DEBUG 37840 --- [restartedMain] o.h.cfg.annotations.SimpleValueBinder    : Starting fillSimpleValue for NIT
2024-09-01 14:12:15.126 DEBUG 37840 --- [restartedMain] o.h.cfg.annotations.SimpleValueBinder    : Starting fillSimpleValue for direccion
2024-09-01 14:12:15.127 DEBUG 37840 --- [restartedMain] o.h.cfg.annotations.SimpleValueBinder    : Starting fillSimpleValue for nombre
2024-09-01 14:12:15.127 DEBUG 37840 --- [restartedMain] o.h.cfg.annotations.SimpleValueBinder    : Starting fillSimpleValue for telefono
2024-09-01 14:12:15.127 DEBUG 37840 --- [restartedMain] o.h.cfg.annotations.SimpleValueBinder    : Starting fillSimpleValue for id
2024-09-01 14:12:15.127 DEBUG 37840 --- [restartedMain] o.h.cfg.annotations.SimpleValueBinder    : Starting fillSimpleValue for concepto
2024-09-01 14:12:15.127 DEBUG 37840 --- [restartedMain] o.h.cfg.annotations.SimpleValueBinder    : Starting fillSimpleValue for fecha
2024-09-01 14:12:15.127 DEBUG 37840 --- [restartedMain] o.h.cfg.annotations.SimpleValueBinder    : Starting fillSimpleValue for monto
2024-09-01 14:12:15.134 DEBUG 37840 --- [restartedMain] org.hibernate.mapping.PrimaryKey         : Forcing column [id] to be non-null as it is part of the primary key for table [empleados]
2024-09-01 14:12:15.134 DEBUG 37840 --- [restartedMain] org.hibernate.mapping.PrimaryKey         : Forcing column [id] to be non-null as it is part of the primary key for table [empresa]
2024-09-01 14:12:15.134 DEBUG 37840 --- [restartedMain] org.hibernate.mapping.PrimaryKey         : Forcing column [id] to be non-null as it is part of the primary key for table [movimientos]
2024-09-01 14:12:15.136 DEBUG 37840 --- [restartedMain] o.h.b.i.InFlightMetadataCollectorImpl    : Resolving reference to class: mvc.moiso.modelos.Empresa
2024-09-01 14:12:15.139 DEBUG 37840 --- [restartedMain] o.h.b.i.InFlightMetadataCollectorImpl    : Resolving reference to class: mvc.moiso.modelos.Empleado
2024-09-01 14:12:15.140 DEBUG 37840 --- [restartedMain] o.h.b.i.InFlightMetadataCollectorImpl    : Resolving reference to class: mvc.moiso.modelos.Empresa
2024-09-01 14:12:15.140 DEBUG 37840 --- [restartedMain] o.h.b.i.InFlightMetadataCollectorImpl    : Resolving reference to class: mvc.moiso.modelos.Empleado
2024-09-01 14:12:15.212 DEBUG 37840 --- [restartedMain] o.hibernate.internal.SessionFactoryImpl  : Building session factory
2024-09-01 14:12:15.214 DEBUG 37840 --- [restartedMain] org.hibernate.cfg.Settings               : SessionFactory name : null
2024-09-01 14:12:15.215 DEBUG 37840 --- [restartedMain] org.hibernate.cfg.Settings               : Automatic flush during beforeCompletion(): enabled
2024-09-01 14:12:15.215 DEBUG 37840 --- [restartedMain] org.hibernate.cfg.Settings               : Automatic session close at end of transaction: disabled
2024-09-01 14:12:15.215 DEBUG 37840 --- [restartedMain] org.hibernate.cfg.Settings               : Statistics: disabled
2024-09-01 14:12:15.215 DEBUG 37840 --- [restartedMain] org.hibernate.cfg.Settings               : Deleted entity synthetic identifier rollback: disabled
2024-09-01 14:12:15.215 DEBUG 37840 --- [restartedMain] org.hibernate.cfg.Settings               : Default entity-mode: pojo
2024-09-01 14:12:15.215 DEBUG 37840 --- [restartedMain] org.hibernate.cfg.Settings               : Check Nullability in Core (should be disabled when Bean Validation is on): enabled
2024-09-01 14:12:15.215 DEBUG 37840 --- [restartedMain] org.hibernate.cfg.Settings               : Allow initialization of lazy state outside session : disabled
2024-09-01 14:12:15.216 DEBUG 37840 --- [restartedMain] org.hibernate.cfg.Settings               : Using BatchFetchStyle : LEGACY
2024-09-01 14:12:15.216 DEBUG 37840 --- [restartedMain] org.hibernate.cfg.Settings               : Default batch fetch size: -1
2024-09-01 14:12:15.216 DEBUG 37840 --- [restartedMain] org.hibernate.cfg.Settings               : Maximum outer join fetch depth: null
2024-09-01 14:12:15.216 DEBUG 37840 --- [restartedMain] org.hibernate.cfg.Settings               : Default null ordering: NONE
2024-09-01 14:12:15.216 DEBUG 37840 --- [restartedMain] org.hibernate.cfg.Settings               : Order SQL updates by primary key: disabled
2024-09-01 14:12:15.216 DEBUG 37840 --- [restartedMain] org.hibernate.cfg.Settings               : Order SQL inserts for batching: disabled
2024-09-01 14:12:15.216 DEBUG 37840 --- [restartedMain] org.hibernate.cfg.Settings               : multi-tenancy strategy : NONE
2024-09-01 14:12:15.216 DEBUG 37840 --- [restartedMain] org.hibernate.cfg.Settings               : JTA Track by Thread: enabled
2024-09-01 14:12:15.216 DEBUG 37840 --- [restartedMain] org.hibernate.cfg.Settings               : Query language substitutions: {}
2024-09-01 14:12:15.216 DEBUG 37840 --- [restartedMain] org.hibernate.cfg.Settings               : Named query checking : enabled
2024-09-01 14:12:15.216 DEBUG 37840 --- [restartedMain] org.hibernate.cfg.Settings               : Second-level cache: disabled
2024-09-01 14:12:15.216 DEBUG 37840 --- [restartedMain] org.hibernate.cfg.Settings               : Second-level query cache: disabled
2024-09-01 14:12:15.216 DEBUG 37840 --- [restartedMain] org.hibernate.cfg.Settings               : Second-level query cache factory: null
2024-09-01 14:12:15.217 DEBUG 37840 --- [restartedMain] org.hibernate.cfg.Settings               : Second-level cache region prefix: null
2024-09-01 14:12:15.217 DEBUG 37840 --- [restartedMain] org.hibernate.cfg.Settings               : Optimize second-level cache for minimal puts: disabled
2024-09-01 14:12:15.217 DEBUG 37840 --- [restartedMain] org.hibernate.cfg.Settings               : Structured second-level cache entries: disabled
2024-09-01 14:12:15.217 DEBUG 37840 --- [restartedMain] org.hibernate.cfg.Settings               : Second-level cache direct-reference entries: disabled
2024-09-01 14:12:15.217 DEBUG 37840 --- [restartedMain] org.hibernate.cfg.Settings               : Automatic eviction of collection cache: disabled
2024-09-01 14:12:15.217 DEBUG 37840 --- [restartedMain] org.hibernate.cfg.Settings               : JDBC batch size: 15
2024-09-01 14:12:15.217 DEBUG 37840 --- [restartedMain] org.hibernate.cfg.Settings               : JDBC batch updates for versioned data: enabled
2024-09-01 14:12:15.217 DEBUG 37840 --- [restartedMain] org.hibernate.cfg.Settings               : Scrollable result sets: enabled
2024-09-01 14:12:15.217 DEBUG 37840 --- [restartedMain] org.hibernate.cfg.Settings               : Wrap result sets: disabled
2024-09-01 14:12:15.217 DEBUG 37840 --- [restartedMain] org.hibernate.cfg.Settings               : JDBC3 getGeneratedKeys(): enabled
2024-09-01 14:12:15.217 DEBUG 37840 --- [restartedMain] org.hibernate.cfg.Settings               : JDBC result set fetch size: null
2024-09-01 14:12:15.217 DEBUG 37840 --- [restartedMain] org.hibernate.cfg.Settings               : Connection release mode: ON_CLOSE
2024-09-01 14:12:15.217 DEBUG 37840 --- [restartedMain] org.hibernate.cfg.Settings               : Generate SQL with comments: disabled
2024-09-01 14:12:15.218 DEBUG 37840 --- [restartedMain] org.hibernate.cfg.Settings               : JPA compliance - query : disabled
2024-09-01 14:12:15.218 DEBUG 37840 --- [restartedMain] org.hibernate.cfg.Settings               : JPA compliance - closed-handling : disabled
2024-09-01 14:12:15.218 DEBUG 37840 --- [restartedMain] org.hibernate.cfg.Settings               : JPA compliance - lists : disabled
2024-09-01 14:12:15.218 DEBUG 37840 --- [restartedMain] org.hibernate.cfg.Settings               : JPA compliance - transactions : disabled
2024-09-01 14:12:15.298 DEBUG 37840 --- [restartedMain] .h.s.i.SessionFactoryServiceRegistryImpl : EventListenerRegistry access via ServiceRegistry is deprecated.  Use `sessionFactory.getEventEngine().getListenerRegistry()` instead
2024-09-01 14:12:15.300 DEBUG 37840 --- [restartedMain] .h.s.i.SessionFactoryServiceRegistryImpl : EventListenerRegistry access via ServiceRegistry is deprecated.  Use `sessionFactory.getEventEngine().getListenerRegistry()` instead
2024-09-01 14:12:15.318 DEBUG 37840 --- [restartedMain] o.hibernate.internal.SessionFactoryImpl  : Session factory constructed with filter configurations : {}
2024-09-01 14:12:15.318 DEBUG 37840 --- [restartedMain] o.hibernate.internal.SessionFactoryImpl  : Instantiating session factory with properties: {hibernate.id.new_generator_mappings=true, java.specification.version=18, sun.cpu.isalist=amd64, hibernate.resource.beans.container=org.springframework.orm.hibernate5.SpringBeanContainer@39d654d2, hibernate.connection.handling_mode=DELAYED_ACQUISITION_AND_HOLD, sun.jnu.encoding=Cp1252, hibernate.dialect=org.hibernate.dialect.PostgreSQLDialect, hibernate.implicit_naming_strategy=org.springframework.boot.orm.jpa.hibernate.SpringImplicitNamingStrategy, java.class.path=C:\Users\moises dev\Documents\gestor\Andres-Carnes-release\moiso\target\classes;C:\Users\moises dev\.m2\repository\org\springframework\retry\spring-retry\1.3.3\spring-retry-1.3.3.jar;C:\Users\moises dev\.m2\repository\org\springframework\boot\spring-boot-starter-aop\2.7.3\spring-boot-starter-aop-2.7.3.jar;C:\Users\moises dev\.m2\repository\org\springframework\boot\spring-boot-starter\2.7.3\spring-boot-starter-2.7.3.jar;C:\Users\moises dev\.m2\repository\org\springframework\boot\spring-boot-starter-logging\2.7.3\spring-boot-starter-logging-2.7.3.jar;C:\Users\moises dev\.m2\repository\ch\qos\logback\logback-classic\1.2.11\logback-classic-1.2.11.jar;C:\Users\moises dev\.m2\repository\ch\qos\logback\logback-core\1.2.11\logback-core-1.2.11.jar;C:\Users\moises dev\.m2\repository\org\apache\logging\log4j\log4j-to-slf4j\2.17.2\log4j-to-slf4j-2.17.2.jar;C:\Users\moises dev\.m2\repository\org\slf4j\jul-to-slf4j\1.7.36\jul-to-slf4j-1.7.36.jar;C:\Users\moises dev\.m2\repository\jakarta\annotation\jakarta.annotation-api\1.3.5\jakarta.annotation-api-1.3.5.jar;C:\Users\moises dev\.m2\repository\org\yaml\snakeyaml\1.30\snakeyaml-1.30.jar;C:\Users\moises dev\.m2\repository\org\springframework\spring-aop\5.3.22\spring-aop-5.3.22.jar;C:\Users\moises dev\.m2\repository\org\springframework\spring-beans\5.3.22\spring-beans-5.3.22.jar;C:\Users\moises dev\.m2\repository\org\aspectj\aspectjweaver\1.9.7\aspectjweaver-1.9.7.jar;C:\Users\moises dev\.m2\repository\org\springframework\boot\spring-boot-starter-data-jdbc\2.7.3\spring-boot-starter-data-jdbc-2.7.3.jar;C:\Users\moises dev\.m2\repository\org\springframework\boot\spring-boot-starter-jdbc\2.7.3\spring-boot-starter-jdbc-2.7.3.jar;C:\Users\moises dev\.m2\repository\com\zaxxer\HikariCP\4.0.3\HikariCP-4.0.3.jar;C:\Users\moises dev\.m2\repository\org\springframework\spring-jdbc\5.3.22\spring-jdbc-5.3.22.jar;C:\Users\moises dev\.m2\repository\org\springframework\data\spring-data-jdbc\2.4.2\spring-data-jdbc-2.4.2.jar;C:\Users\moises dev\.m2\repository\org\springframework\data\spring-data-relational\2.4.2\spring-data-relational-2.4.2.jar;C:\Users\moises dev\.m2\repository\org\springframework\data\spring-data-commons\2.7.2\spring-data-commons-2.7.2.jar;C:\Users\moises dev\.m2\repository\org\springframework\spring-tx\5.3.22\spring-tx-5.3.22.jar;C:\Users\moises dev\.m2\repository\org\springframework\spring-context\5.3.22\spring-context-5.3.22.jar;C:\Users\moises dev\.m2\repository\org\slf4j\slf4j-api\1.7.36\slf4j-api-1.7.36.jar;C:\Users\moises dev\.m2\repository\org\springframework\boot\spring-boot-starter-data-jpa\2.7.3\spring-boot-starter-data-jpa-2.7.3.jar;C:\Users\moises dev\.m2\repository\jakarta\transaction\jakarta.transaction-api\1.3.3\jakarta.transaction-api-1.3.3.jar;C:\Users\moises dev\.m2\repository\jakarta\persistence\jakarta.persistence-api\2.2.3\jakarta.persistence-api-2.2.3.jar;C:\Users\moises dev\.m2\repository\org\hibernate\hibernate-core\5.6.10.Final\hibernate-core-5.6.10.Final.jar;C:\Users\moises dev\.m2\repository\org\jboss\logging\jboss-logging\3.4.3.Final\jboss-logging-3.4.3.Final.jar;C:\Users\moises dev\.m2\repository\net\bytebuddy\byte-buddy\1.12.13\byte-buddy-1.12.13.jar;C:\Users\moises dev\.m2\repository\antlr\antlr\2.7.7\antlr-2.7.7.jar;C:\Users\moises dev\.m2\repository\org\jboss\jandex\2.4.2.Final\jandex-2.4.2.Final.jar;C:\Users\moises dev\.m2\repository\com\fasterxml\classmate\1.5.1\classmate-1.5.1.jar;C:\Users\moises dev\.m2\repository\org\hibernate\common\hibernate-commons-annotations\5.1.2.Final\hibernate-commons-annotations-5.1.2.Final.jar;C:\Users\moises dev\.m2\repository\org\glassfish\jaxb\jaxb-runtime\2.3.6\jaxb-runtime-2.3.6.jar;C:\Users\moises dev\.m2\repository\org\glassfish\jaxb\txw2\2.3.6\txw2-2.3.6.jar;C:\Users\moises dev\.m2\repository\com\sun\istack\istack-commons-runtime\3.0.12\istack-commons-runtime-3.0.12.jar;C:\Users\moises dev\.m2\repository\org\springframework\data\spring-data-jpa\2.7.2\spring-data-jpa-2.7.2.jar;C:\Users\moises dev\.m2\repository\org\springframework\spring-orm\5.3.22\spring-orm-5.3.22.jar;C:\Users\moises dev\.m2\repository\org\springframework\spring-aspects\5.3.22\spring-aspects-5.3.22.jar;C:\Users\moises dev\.m2\repository\org\springframework\boot\spring-boot-starter-thymeleaf\2.7.3\spring-boot-starter-thymeleaf-2.7.3.jar;C:\Users\moises dev\.m2\repository\org\thymeleaf\thymeleaf-spring5\3.0.15.RELEASE\thymeleaf-spring5-3.0.15.RELEASE.jar;C:\Users\moises dev\.m2\repository\org\thymeleaf\thymeleaf\3.0.15.RELEASE\thymeleaf-3.0.15.RELEASE.jar;C:\Users\moises dev\.m2\repository\org\attoparser\attoparser\2.0.5.RELEASE\attoparser-2.0.5.RELEASE.jar;C:\Users\moises dev\.m2\repository\org\unbescape\unbescape\1.1.6.RELEASE\unbescape-1.1.6.RELEASE.jar;C:\Users\moises dev\.m2\repository\org\thymeleaf\extras\thymeleaf-extras-java8time\3.0.4.RELEASE\thymeleaf-extras-java8time-3.0.4.RELEASE.jar;C:\Users\moises dev\.m2\repository\org\springframework\boot\spring-boot-starter-web\2.7.3\spring-boot-starter-web-2.7.3.jar;C:\Users\moises dev\.m2\repository\org\springframework\boot\spring-boot-starter-json\2.7.3\spring-boot-starter-json-2.7.3.jar;C:\Users\moises dev\.m2\repository\com\fasterxml\jackson\core\jackson-databind\2.13.3\jackson-databind-2.13.3.jar;C:\Users\moises dev\.m2\repository\com\fasterxml\jackson\core\jackson-annotations\2.13.3\jackson-annotations-2.13.3.jar;C:\Users\moises dev\.m2\repository\com\fasterxml\jackson\core\jackson-core\2.13.3\jackson-core-2.13.3.jar;C:\Users\moises dev\.m2\repository\com\fasterxml\jackson\datatype\jackson-datatype-jdk8\2.13.3\jackson-datatype-jdk8-2.13.3.jar;C:\Users\moises dev\.m2\repository\com\fasterxml\jackson\datatype\jackson-datatype-jsr310\2.13.3\jackson-datatype-jsr310-2.13.3.jar;C:\Users\moises dev\.m2\repository\com\fasterxml\jackson\module\jackson-module-parameter-names\2.13.3\jackson-module-parameter-names-2.13.3.jar;C:\Users\moises dev\.m2\repository\org\springframework\boot\spring-boot-starter-tomcat\2.7.3\spring-boot-starter-tomcat-2.7.3.jar;C:\Users\moises dev\.m2\repository\org\apache\tomcat\embed\tomcat-embed-core\9.0.65\tomcat-embed-core-9.0.65.jar;C:\Users\moises dev\.m2\repository\org\apache\tomcat\embed\tomcat-embed-el\9.0.65\tomcat-embed-el-9.0.65.jar;C:\Users\moises dev\.m2\repository\org\apache\tomcat\embed\tomcat-embed-websocket\9.0.65\tomcat-embed-websocket-9.0.65.jar;C:\Users\moises dev\.m2\repository\org\springframework\spring-web\5.3.22\spring-web-5.3.22.jar;C:\Users\moises dev\.m2\repository\org\springframework\spring-webmvc\5.3.22\spring-webmvc-5.3.22.jar;C:\Users\moises dev\.m2\repository\org\springframework\spring-expression\5.3.22\spring-expression-5.3.22.jar;C:\Users\moises dev\.m2\repository\org\springframework\boot\spring-boot-starter-web-services\2.7.3\spring-boot-starter-web-services-2.7.3.jar;C:\Users\moises dev\.m2\repository\com\sun\xml\messaging\saaj\saaj-impl\1.5.3\saaj-impl-1.5.3.jar;C:\Users\moises dev\.m2\repository\jakarta\xml\soap\jakarta.xml.soap-api\1.4.2\jakarta.xml.soap-api-1.4.2.jar;C:\Users\moises dev\.m2\repository\org\jvnet\staxex\stax-ex\1.8.3\stax-ex-1.8.3.jar;C:\Users\moises dev\.m2\repository\com\sun\activation\jakarta.activation\1.2.2\jakarta.activation-1.2.2.jar;C:\Users\moises dev\.m2\repository\jakarta\xml\ws\jakarta.xml.ws-api\2.3.3\jakarta.xml.ws-api-2.3.3.jar;C:\Users\moises dev\.m2\repository\jakarta\jws\jakarta.jws-api\2.1.0\jakarta.jws-api-2.1.0.jar;C:\Users\moises dev\.m2\repository\org\springframework\spring-oxm\5.3.22\spring-oxm-5.3.22.jar;C:\Users\moises dev\.m2\repository\org\springframework\ws\spring-ws-core\3.1.3\spring-ws-core-3.1.3.jar;C:\Users\moises dev\.m2\repository\org\springframework\ws\spring-xml\3.1.3\spring-xml-3.1.3.jar;C:\Users\moises dev\.m2\repository\org\springframework\boot\spring-boot-devtools\2.7.3\spring-boot-devtools-2.7.3.jar;C:\Users\moises dev\.m2\repository\org\springframework\boot\spring-boot\2.7.3\spring-boot-2.7.3.jar;C:\Users\moises dev\.m2\repository\org\springframework\boot\spring-boot-autoconfigure\2.7.3\spring-boot-autoconfigure-2.7.3.jar;C:\Users\moises dev\.m2\repository\org\postgresql\postgresql\42.3.6\postgresql-42.3.6.jar;C:\Users\moises dev\.m2\repository\org\checkerframework\checker-qual\3.5.0\checker-qual-3.5.0.jar;C:\Users\moises dev\.m2\repository\org\projectlombok\lombok\1.18.24\lombok-1.18.24.jar;C:\Users\moises dev\.m2\repository\jakarta\xml\bind\jakarta.xml.bind-api\2.3.3\jakarta.xml.bind-api-2.3.3.jar;C:\Users\moises dev\.m2\repository\jakarta\activation\jakarta.activation-api\1.2.2\jakarta.activation-api-1.2.2.jar;C:\Users\moises dev\.m2\repository\org\springframework\spring-core\5.3.22\spring-core-5.3.22.jar;C:\Users\moises dev\.m2\repository\org\springframework\spring-jcl\5.3.22\spring-jcl-5.3.22.jar;C:\Users\moises dev\.m2\repository\org\springframework\boot\spring-boot-starter-security\2.7.3\spring-boot-starter-security-2.7.3.jar;C:\Users\moises dev\.m2\repository\org\springframework\security\spring-security-config\5.7.3\spring-security-config-5.7.3.jar;C:\Users\moises dev\.m2\repository\org\springframework\security\spring-security-core\5.7.3\spring-security-core-5.7.3.jar;C:\Users\moises dev\.m2\repository\org\springframework\security\spring-security-crypto\5.7.3\spring-security-crypto-5.7.3.jar;C:\Users\moises dev\.m2\repository\org\springframework\security\spring-security-web\5.7.3\spring-security-web-5.7.3.jar;C:\Users\moises dev\.m2\repository\org\apache\poi\poi\5.2.2\poi-5.2.2.jar;C:\Users\moises dev\.m2\repository\commons-codec\commons-codec\1.15\commons-codec-1.15.jar;C:\Users\moises dev\.m2\repository\org\apache\commons\commons-collections4\4.4\commons-collections4-4.4.jar;C:\Users\moises dev\.m2\repository\org\apache\commons\commons-math3\3.6.1\commons-math3-3.6.1.jar;C:\Users\moises dev\.m2\repository\commons-io\commons-io\2.11.0\commons-io-2.11.0.jar;C:\Users\moises dev\.m2\repository\com\zaxxer\SparseBitSet\1.2\SparseBitSet-1.2.jar;C:\Users\moises dev\.m2\repository\org\apache\logging\log4j\log4j-api\2.17.2\log4j-api-2.17.2.jar;C:\Users\moises dev\.m2\repository\org\apache\poi\poi-ooxml\5.2.2\poi-ooxml-5.2.2.jar;C:\Users\moises dev\.m2\repository\org\apache\poi\poi-ooxml-lite\5.2.2\poi-ooxml-lite-5.2.2.jar;C:\Users\moises dev\.m2\repository\org\apache\xmlbeans\xmlbeans\5.0.3\xmlbeans-5.0.3.jar;C:\Users\moises dev\.m2\repository\org\apache\commons\commons-compress\1.21\commons-compress-1.21.jar;C:\Users\moises dev\.m2\repository\com\github\virtuald\curvesapi\1.07\curvesapi-1.07.jar, java.vm.vendor=Oracle Corporation, sun.arch.data.model=64, user.variant=, java.vendor.url=https://java.oracle.com/, catalina.useNaming=false, user.timezone=America/Bogota, jakarta.persistence.sharedCache.mode=UNSPECIFIED, java.vm.specification.version=18, os.name=Windows 11, javax.persistence.validation.mode=AUTO, jakarta.persistence.nonJtaDataSource=HikariDataSource (HikariPool-1), sun.java.launcher=SUN_STANDARD, user.country=CO, sun.boot.library.path=C:\Program Files\Java\jdk-18.0.2.1\bin, sun.java.command=mvc.moiso.MoisoApplication, javax.persistence.nonJtaDataSource=HikariDataSource (HikariPool-1), hibernate.transaction.jta.platform=org.hibernate.engine.transaction.jta.platform.internal.NoJtaPlatform@418c0f2c, javax.persistence.sharedCache.mode=UNSPECIFIED, jdk.debug=release, sun.cpu.endian=little, user.home=C:\Users\moises dev, user.language=es, sun.stderr.encoding=UTF-8, java.specification.vendor=Oracle Corporation, java.version.date=2022-08-18, java.home=C:\Program Files\Java\jdk-18.0.2.1, file.separator=\, java.vm.compressedOopsMode=Zero based, sun.stdout.encoding=UTF-8, line.separator=
, hibernate.persistenceUnitName=default, java.vm.specification.vendor=Oracle Corporation, java.specification.name=Java Platform API Specification, FILE_LOG_CHARSET=UTF-8, hibernate.transaction.coordinator_class=class org.hibernate.resource.transaction.backend.jdbc.internal.JdbcResourceLocalTransactionCoordinatorBuilderImpl, java.awt.headless=true, jakarta.persistence.validation.mode=AUTO, hibernate.hbm2ddl.auto=update, user.script=, sun.management.compiler=HotSpot 64-Bit Tiered Compilers, java.runtime.version=18.0.2.1+1-1, user.name=moises dev, path.separator=;, os.version=10.0, java.runtime.name=Java(TM) SE Runtime Environment, file.encoding=UTF-8, hibernate.ejb.persistenceUnitName=default, spring.beaninfo.ignore=true, java.vm.name=Java HotSpot(TM) 64-Bit Server VM, hibernate.show_sql=true, LOG_FILE=logs/mi-aplicacion.log, java.vendor.url.bug=https://bugreport.java.com/bugreport/, java.io.tmpdir=C:\Users\MOISES~1\AppData\Local\Temp\, catalina.home=C:\Users\moises dev\AppData\Local\Temp\tomcat.8080.8531657491863440346, java.version=18.0.2.1, hibernate.physical_naming_strategy=org.hibernate.boot.model.naming.CamelCaseToUnderscoresNamingStrategy, user.dir=C:\Users\moises dev\Documents\gestor\Andres-Carnes-release\moiso, os.arch=amd64, java.vm.specification.name=Java Virtual Machine Specification, PID=37840, sun.os.patch.level=, CONSOLE_LOG_CHARSET=UTF-8, catalina.base=C:\Users\moises dev\AppData\Local\Temp\tomcat.8080.8531657491863440346, hibernate.boot.CfgXmlAccessService.key=org.hibernate.boot.registry.StandardServiceRegistryBuilder$1@26e44cef, native.encoding=Cp1252, java.library.path=C:\Program Files\Java\jdk-18.0.2.1\bin;C:\Windows\Sun\Java\bin;C:\Windows\system32;C:\Windows;C:\Program Files\Common Files\Oracle\Java\javapath;C:\Windows\system32;C:\Windows;C:\Windows\System32\Wbem;C:\Windows\System32\WindowsPowerShell\v1.0\;C:\Windows\System32\OpenSSH\;C:\Program Files\nodejs\;C:\Program Files\Java\jdk-18.0.2.1\bin;C:\apache-maven-3.9.6-bin\apache-maven-3.9.6\bin;C:\Program Files\dotnet\;C:\Program Files\Git\cmd;C:\Users\moise\AppData\Local\Android\Sdk\emulator;C:\Users\moise\AppData\Local\Android\Sdk\tools;C:\Users\moise\AppData\Local\Android\Sdk\tools\bin;C:\Users\moise\AppData\Local\Android\Sdk\platform-tools;C:\Program Files\Java\jdk-18.0.2.1\bin;C:\Users\moises dev\AppData\Local\Microsoft\WindowsApps;C:\Users\moises dev\AppData\Local\Programs\Microsoft VS Code\bin;., java.vendor=Oracle Corporation, java.vm.info=mixed mode, sharing, java.vm.version=18.0.2.1+1-1, hibernate.bytecode.use_reflection_optimizer=false, sun.io.unicode.encoding=UnicodeLittle, hibernate.archive.scanner=org.hibernate.boot.archive.scan.internal.DisabledScanner, hibernate.connection.datasource=HikariDataSource (HikariPool-1), java.class.version=62.0}
2024-09-01 14:12:15.341 DEBUG 37840 --- [restartedMain] org.hibernate.secure.spi.JaccIntegrator  : Skipping JACC integration as it was not enabled
2024-09-01 14:12:15.343 DEBUG 37840 --- [restartedMain] o.hibernate.internal.SessionFactoryImpl  : Instantiated session factory
2024-09-01 14:12:15.343 DEBUG 37840 --- [restartedMain] o.h.type.spi.TypeConfiguration$Scope     : Scoping TypeConfiguration [org.hibernate.type.spi.TypeConfiguration@46c34648] to SessionFactoryImpl [org.hibernate.internal.SessionFactoryImpl@2d49b27f]
2024-09-01 14:12:15.430 DEBUG 37840 --- [restartedMain] org.hibernate.orm.bytecode.interceptor   : To-one property `mvc.moiso.modelos.Movimiento#usuario` was mapped with LAZY + NO_PROXY but the class was not enhanced
2024-09-01 14:12:15.434 DEBUG 37840 --- [restartedMain] org.hibernate.orm.bytecode.interceptor   : To-one property `mvc.moiso.modelos.Movimiento#usuario` was mapped with LAZY + NO_PROXY but the class was not enhanced
2024-09-01 14:12:15.434 DEBUG 37840 --- [restartedMain] o.h.boot.internal.ClassLoaderAccessImpl  : Not known whether passed class name [mvc.moiso.modelos.Movimiento] is safe
2024-09-01 14:12:15.434 DEBUG 37840 --- [restartedMain] o.h.boot.internal.ClassLoaderAccessImpl  : No temp ClassLoader provided; using live ClassLoader for loading potentially unsafe class : mvc.moiso.modelos.Movimiento
2024-09-01 14:12:15.803 DEBUG 37840 --- [restartedMain] org.hibernate.orm.bytecode.interceptor   : To-one property `mvc.moiso.modelos.Movimiento#usuario` was mapped with LAZY + NO_PROXY but the class was not enhanced
2024-09-01 14:12:15.803 DEBUG 37840 --- [restartedMain] org.hibernate.orm.bytecode.interceptor   : To-one property `mvc.moiso.modelos.Movimiento#usuario` was mapped with LAZY + NO_PROXY but the class was not enhanced
2024-09-01 14:12:15.810 DEBUG 37840 --- [restartedMain] o.h.boot.internal.ClassLoaderAccessImpl  : Not known whether passed class name [mvc.moiso.modelos.Empresa] is safe
2024-09-01 14:12:15.810 DEBUG 37840 --- [restartedMain] o.h.boot.internal.ClassLoaderAccessImpl  : No temp ClassLoader provided; using live ClassLoader for loading potentially unsafe class : mvc.moiso.modelos.Empresa
2024-09-01 14:12:15.822 DEBUG 37840 --- [restartedMain] org.hibernate.orm.bytecode.interceptor   : To-one property `mvc.moiso.modelos.Empleado#empresa` was mapped with LAZY + NO_PROXY but the class was not enhanced
2024-09-01 14:12:15.822 DEBUG 37840 --- [restartedMain] org.hibernate.orm.bytecode.interceptor   : To-one property `mvc.moiso.modelos.Empleado#empresa` was mapped with LAZY + NO_PROXY but the class was not enhanced
2024-09-01 14:12:15.822 DEBUG 37840 --- [restartedMain] o.h.boot.internal.ClassLoaderAccessImpl  : Not known whether passed class name [mvc.moiso.modelos.Empleado] is safe
2024-09-01 14:12:15.822 DEBUG 37840 --- [restartedMain] o.h.boot.internal.ClassLoaderAccessImpl  : No temp ClassLoader provided; using live ClassLoader for loading potentially unsafe class : mvc.moiso.modelos.Empleado
2024-09-01 14:12:15.835 DEBUG 37840 --- [restartedMain] org.hibernate.orm.bytecode.interceptor   : To-one property `mvc.moiso.modelos.Empleado#empresa` was mapped with LAZY + NO_PROXY but the class was not enhanced
2024-09-01 14:12:15.835 DEBUG 37840 --- [restartedMain] org.hibernate.orm.bytecode.interceptor   : To-one property `mvc.moiso.modelos.Empleado#empresa` was mapped with LAZY + NO_PROXY but the class was not enhanced
2024-09-01 14:12:15.844 DEBUG 37840 --- [restartedMain] o.h.p.entity.AbstractEntityPersister     : Static SQL for entity: mvc.moiso.modelos.Movimiento
2024-09-01 14:12:15.845 DEBUG 37840 --- [restartedMain] o.h.p.entity.AbstractEntityPersister     :  Version select: select id from movimientos where id =?
2024-09-01 14:12:15.845 DEBUG 37840 --- [restartedMain] o.h.p.entity.AbstractEntityPersister     :  Snapshot select: select movimiento_.id, movimiento_.concepto as concepto2_2_, movimiento_.fecha as fecha3_2_, movimiento_.monto as monto4_2_, movimiento_.empleado_id as empleado5_2_ from movimientos movimiento_ where movimiento_.id=?
2024-09-01 14:12:15.845 DEBUG 37840 --- [restartedMain] o.h.p.entity.AbstractEntityPersister     :  Insert 0: insert into movimientos (concepto, fecha, monto, empleado_id, id) values (?, ?, ?, ?, ?)
2024-09-01 14:12:15.845 DEBUG 37840 --- [restartedMain] o.h.p.entity.AbstractEntityPersister     :  Update 0: update movimientos set concepto=?, fecha=?, monto=?, empleado_id=? where id=?
2024-09-01 14:12:15.845 DEBUG 37840 --- [restartedMain] o.h.p.entity.AbstractEntityPersister     :  Delete 0: delete from movimientos where id=?
2024-09-01 14:12:15.874 DEBUG 37840 --- [restartedMain] o.h.l.p.b.i.spaces.QuerySpacesImpl       : Adding QuerySpace : uid = <gen:0> -> org.hibernate.loader.plan.build.internal.spaces.EntityQuerySpaceImpl@548ac650]
2024-09-01 14:12:15.875 DEBUG 37840 --- [restartedMain] o.h.p.walking.spi.MetamodelGraphWalker   : Visiting attribute path : concepto
2024-09-01 14:12:15.875 DEBUG 37840 --- [restartedMain] o.h.p.walking.spi.MetamodelGraphWalker   : Visiting attribute path : fecha
2024-09-01 14:12:15.875 DEBUG 37840 --- [restartedMain] o.h.p.walking.spi.MetamodelGraphWalker   : Visiting attribute path : monto
2024-09-01 14:12:15.875 DEBUG 37840 --- [restartedMain] o.h.p.walking.spi.MetamodelGraphWalker   : Visiting attribute path : usuario
2024-09-01 14:12:15.879 DEBUG 37840 --- [restartedMain] o.h.l.p.b.i.spaces.QuerySpacesImpl       : Adding QuerySpace : uid = <gen:1> -> org.hibernate.loader.plan.build.internal.spaces.EntityQuerySpaceImpl@40af4c6f]
2024-09-01 14:12:15.881 DEBUG 37840 --- [restartedMain] o.h.p.walking.spi.MetamodelGraphWalker   : Visiting attribute path : usuario.correo
2024-09-01 14:12:15.881 DEBUG 37840 --- [restartedMain] o.h.p.walking.spi.MetamodelGraphWalker   : Visiting attribute path : usuario.empresa
2024-09-01 14:12:15.881 DEBUG 37840 --- [restartedMain] o.h.l.p.b.i.spaces.QuerySpacesImpl       : Adding QuerySpace : uid = <gen:2> -> org.hibernate.loader.plan.build.internal.spaces.EntityQuerySpaceImpl@2cf5fd53]
2024-09-01 14:12:15.881 DEBUG 37840 --- [restartedMain] o.h.p.walking.spi.MetamodelGraphWalker   : Visiting attribute path : usuario.empresa.NIT
2024-09-01 14:12:15.881 DEBUG 37840 --- [restartedMain] o.h.p.walking.spi.MetamodelGraphWalker   : Visiting attribute path : usuario.empresa.direccion
2024-09-01 14:12:15.881 DEBUG 37840 --- [restartedMain] o.h.p.walking.spi.MetamodelGraphWalker   : Visiting attribute path : usuario.empresa.nombre
2024-09-01 14:12:15.881 DEBUG 37840 --- [restartedMain] o.h.p.walking.spi.MetamodelGraphWalker   : Visiting attribute path : usuario.empresa.telefono
2024-09-01 14:12:15.881 DEBUG 37840 --- [restartedMain] o.h.p.walking.spi.MetamodelGraphWalker   : Visiting attribute path : usuario.estado
2024-09-01 14:12:15.881 DEBUG 37840 --- [restartedMain] o.h.p.walking.spi.MetamodelGraphWalker   : Visiting attribute path : usuario.nombre
2024-09-01 14:12:15.881 DEBUG 37840 --- [restartedMain] o.h.p.walking.spi.MetamodelGraphWalker   : Visiting attribute path : usuario.password
2024-09-01 14:12:15.881 DEBUG 37840 --- [restartedMain] o.h.p.walking.spi.MetamodelGraphWalker   : Visiting attribute path : usuario.rol
2024-09-01 14:12:15.881 DEBUG 37840 --- [restartedMain] lanBuildingAssociationVisitationStrategy : Building LoadPlan...
2024-09-01 14:12:15.895 DEBUG 37840 --- [restartedMain] h.l.p.e.i.LoadQueryJoinAndFetchProcessor : processing queryspace <gen:0>
2024-09-01 14:12:15.901 DEBUG 37840 --- [restartedMain] o.h.l.p.build.spi.LoadPlanTreePrinter    : LoadPlan(entity=mvc.moiso.modelos.Movimiento)
    - Returns
       - EntityReturnImpl(entity=mvc.moiso.modelos.Movimiento, querySpaceUid=<gen:0>, path=mvc.moiso.modelos.Movimiento)
          - EntityAttributeFetchImpl(entity=mvc.moiso.modelos.Empleado, querySpaceUid=<gen:1>, path=mvc.moiso.modelos.Movimiento.usuario)
             - EntityAttributeFetchImpl(entity=mvc.moiso.modelos.Empresa, querySpaceUid=<gen:2>, path=mvc.moiso.modelos.Movimiento.usuario.empresa)
    - QuerySpaces
       - EntityQuerySpaceImpl(uid=<gen:0>, entity=mvc.moiso.modelos.Movimiento)
          - SQL table alias mapping - movimiento0_
          - alias suffix - 0_
          - suffixed key columns - {id1_2_0_}
          - JOIN (JoinDefinedByMetadata(usuario)) : <gen:0> -> <gen:1>
             - EntityQuerySpaceImpl(uid=<gen:1>, entity=mvc.moiso.modelos.Empleado)
                - SQL table alias mapping - empleado1_
                - alias suffix - 1_
                - suffixed key columns - {id1_0_1_}
                - JOIN (JoinDefinedByMetadata(empresa)) : <gen:1> -> <gen:2>
                   - EntityQuerySpaceImpl(uid=<gen:2>, entity=mvc.moiso.modelos.Empresa)
                      - SQL table alias mapping - empresa2_
                      - alias suffix - 2_
                      - suffixed key columns - {id1_1_2_}

2024-09-01 14:12:15.903 DEBUG 37840 --- [restartedMain] o.h.loader.entity.plan.EntityLoader      : Static select for entity mvc.moiso.modelos.Movimiento [NONE]: select movimiento0_.id as id1_2_0_, movimiento0_.concepto as concepto2_2_0_, movimiento0_.fecha as fecha3_2_0_, movimiento0_.monto as monto4_2_0_, movimiento0_.empleado_id as empleado5_2_0_, empleado1_.id as id1_0_1_, empleado1_.correo as correo2_0_1_, empleado1_.empresa_id as empresa_7_0_1_, empleado1_.estado as estado3_0_1_, empleado1_.nombre as nombre4_0_1_, empleado1_.password as password5_0_1_, empleado1_.rol as rol6_0_1_, empresa2_.id as id1_1_2_, empresa2_.nit as nit2_1_2_, empresa2_.direccion as direccio3_1_2_, empresa2_.nombre as nombre4_1_2_, empresa2_.telefono as telefono5_1_2_ from movimientos movimiento0_ left outer join empleados empleado1_ on movimiento0_.empleado_id=empleado1_.id left outer join empresa empresa2_ on empleado1_.empresa_id=empresa2_.id where movimiento0_.id=?
2024-09-01 14:12:15.904 DEBUG 37840 --- [restartedMain] o.h.p.entity.AbstractEntityPersister     : Static SQL for entity: mvc.moiso.modelos.Empresa
2024-09-01 14:12:15.904 DEBUG 37840 --- [restartedMain] o.h.p.entity.AbstractEntityPersister     :  Version select: select id from empresa where id =?
2024-09-01 14:12:15.904 DEBUG 37840 --- [restartedMain] o.h.p.entity.AbstractEntityPersister     :  Snapshot select: select empresa_.id, empresa_.nit as nit2_1_, empresa_.direccion as direccio3_1_, empresa_.nombre as nombre4_1_, empresa_.telefono as telefono5_1_ from empresa empresa_ where empresa_.id=?
2024-09-01 14:12:15.904 DEBUG 37840 --- [restartedMain] o.h.p.entity.AbstractEntityPersister     :  Insert 0: insert into empresa (nit, direccion, nombre, telefono, id) values (?, ?, ?, ?, ?)
2024-09-01 14:12:15.904 DEBUG 37840 --- [restartedMain] o.h.p.entity.AbstractEntityPersister     :  Update 0: update empresa set nit=?, direccion=?, nombre=?, telefono=? where id=?
2024-09-01 14:12:15.904 DEBUG 37840 --- [restartedMain] o.h.p.entity.AbstractEntityPersister     :  Delete 0: delete from empresa where id=?
2024-09-01 14:12:15.904 DEBUG 37840 --- [restartedMain] o.h.l.p.b.i.spaces.QuerySpacesImpl       : Adding QuerySpace : uid = <gen:0> -> org.hibernate.loader.plan.build.internal.spaces.EntityQuerySpaceImpl@60f7c1aa]
2024-09-01 14:12:15.904 DEBUG 37840 --- [restartedMain] o.h.p.walking.spi.MetamodelGraphWalker   : Visiting attribute path : NIT
2024-09-01 14:12:15.904 DEBUG 37840 --- [restartedMain] o.h.p.walking.spi.MetamodelGraphWalker   : Visiting attribute path : direccion
2024-09-01 14:12:15.904 DEBUG 37840 --- [restartedMain] o.h.p.walking.spi.MetamodelGraphWalker   : Visiting attribute path : nombre
2024-09-01 14:12:15.904 DEBUG 37840 --- [restartedMain] o.h.p.walking.spi.MetamodelGraphWalker   : Visiting attribute path : telefono
2024-09-01 14:12:15.904 DEBUG 37840 --- [restartedMain] lanBuildingAssociationVisitationStrategy : Building LoadPlan...
2024-09-01 14:12:15.904 DEBUG 37840 --- [restartedMain] h.l.p.e.i.LoadQueryJoinAndFetchProcessor : processing queryspace <gen:0>
2024-09-01 14:12:15.905 DEBUG 37840 --- [restartedMain] o.h.l.p.build.spi.LoadPlanTreePrinter    : LoadPlan(entity=mvc.moiso.modelos.Empresa)
    - Returns
       - EntityReturnImpl(entity=mvc.moiso.modelos.Empresa, querySpaceUid=<gen:0>, path=mvc.moiso.modelos.Empresa)
    - QuerySpaces
       - EntityQuerySpaceImpl(uid=<gen:0>, entity=mvc.moiso.modelos.Empresa)
          - SQL table alias mapping - empresa0_
          - alias suffix - 0_
          - suffixed key columns - {id1_1_0_}

2024-09-01 14:12:15.905 DEBUG 37840 --- [restartedMain] o.h.loader.entity.plan.EntityLoader      : Static select for entity mvc.moiso.modelos.Empresa [NONE]: select empresa0_.id as id1_1_0_, empresa0_.nit as nit2_1_0_, empresa0_.direccion as direccio3_1_0_, empresa0_.nombre as nombre4_1_0_, empresa0_.telefono as telefono5_1_0_ from empresa empresa0_ where empresa0_.id=?
2024-09-01 14:12:15.905 DEBUG 37840 --- [restartedMain] o.h.p.entity.AbstractEntityPersister     : Static SQL for entity: mvc.moiso.modelos.Empleado
2024-09-01 14:12:15.905 DEBUG 37840 --- [restartedMain] o.h.p.entity.AbstractEntityPersister     :  Version select: select id from empleados where id =?
2024-09-01 14:12:15.905 DEBUG 37840 --- [restartedMain] o.h.p.entity.AbstractEntityPersister     :  Snapshot select: select empleado_.id, empleado_.correo as correo2_0_, empleado_.empresa_id as empresa_7_0_, empleado_.estado as estado3_0_, empleado_.nombre as nombre4_0_, empleado_.password as password5_0_, empleado_.rol as rol6_0_ from empleados empleado_ where empleado_.id=?
2024-09-01 14:12:15.905 DEBUG 37840 --- [restartedMain] o.h.p.entity.AbstractEntityPersister     :  Insert 0: insert into empleados (correo, empresa_id, estado, nombre, password, rol, id) values (?, ?, ?, ?, ?, ?, ?)
2024-09-01 14:12:15.905 DEBUG 37840 --- [restartedMain] o.h.p.entity.AbstractEntityPersister     :  Update 0: update empleados set correo=?, empresa_id=?, estado=?, nombre=?, password=?, rol=? where id=?
2024-09-01 14:12:15.905 DEBUG 37840 --- [restartedMain] o.h.p.entity.AbstractEntityPersister     :  Delete 0: delete from empleados where id=?
2024-09-01 14:12:15.905 DEBUG 37840 --- [restartedMain] o.h.l.p.b.i.spaces.QuerySpacesImpl       : Adding QuerySpace : uid = <gen:0> -> org.hibernate.loader.plan.build.internal.spaces.EntityQuerySpaceImpl@5467fd77]
2024-09-01 14:12:15.905 DEBUG 37840 --- [restartedMain] o.h.p.walking.spi.MetamodelGraphWalker   : Visiting attribute path : correo
2024-09-01 14:12:15.905 DEBUG 37840 --- [restartedMain] o.h.p.walking.spi.MetamodelGraphWalker   : Visiting attribute path : empresa
2024-09-01 14:12:15.905 DEBUG 37840 --- [restartedMain] o.h.l.p.b.i.spaces.QuerySpacesImpl       : Adding QuerySpace : uid = <gen:1> -> org.hibernate.loader.plan.build.internal.spaces.EntityQuerySpaceImpl@1e49c662]
2024-09-01 14:12:15.906 DEBUG 37840 --- [restartedMain] o.h.p.walking.spi.MetamodelGraphWalker   : Visiting attribute path : empresa.NIT
2024-09-01 14:12:15.906 DEBUG 37840 --- [restartedMain] o.h.p.walking.spi.MetamodelGraphWalker   : Visiting attribute path : empresa.direccion
2024-09-01 14:12:15.906 DEBUG 37840 --- [restartedMain] o.h.p.walking.spi.MetamodelGraphWalker   : Visiting attribute path : empresa.nombre
2024-09-01 14:12:15.906 DEBUG 37840 --- [restartedMain] o.h.p.walking.spi.MetamodelGraphWalker   : Visiting attribute path : empresa.telefono
2024-09-01 14:12:15.906 DEBUG 37840 --- [restartedMain] o.h.p.walking.spi.MetamodelGraphWalker   : Visiting attribute path : estado
2024-09-01 14:12:15.906 DEBUG 37840 --- [restartedMain] o.h.p.walking.spi.MetamodelGraphWalker   : Visiting attribute path : nombre
2024-09-01 14:12:15.906 DEBUG 37840 --- [restartedMain] o.h.p.walking.spi.MetamodelGraphWalker   : Visiting attribute path : password
2024-09-01 14:12:15.906 DEBUG 37840 --- [restartedMain] o.h.p.walking.spi.MetamodelGraphWalker   : Visiting attribute path : rol
2024-09-01 14:12:15.906 DEBUG 37840 --- [restartedMain] lanBuildingAssociationVisitationStrategy : Building LoadPlan...
2024-09-01 14:12:15.906 DEBUG 37840 --- [restartedMain] h.l.p.e.i.LoadQueryJoinAndFetchProcessor : processing queryspace <gen:0>
2024-09-01 14:12:15.906 DEBUG 37840 --- [restartedMain] o.h.l.p.build.spi.LoadPlanTreePrinter    : LoadPlan(entity=mvc.moiso.modelos.Empleado)
    - Returns
       - EntityReturnImpl(entity=mvc.moiso.modelos.Empleado, querySpaceUid=<gen:0>, path=mvc.moiso.modelos.Empleado)
          - EntityAttributeFetchImpl(entity=mvc.moiso.modelos.Empresa, querySpaceUid=<gen:1>, path=mvc.moiso.modelos.Empleado.empresa)
    - QuerySpaces
       - EntityQuerySpaceImpl(uid=<gen:0>, entity=mvc.moiso.modelos.Empleado)
          - SQL table alias mapping - empleado0_
          - alias suffix - 0_
          - suffixed key columns - {id1_0_0_}
          - JOIN (JoinDefinedByMetadata(empresa)) : <gen:0> -> <gen:1>
             - EntityQuerySpaceImpl(uid=<gen:1>, entity=mvc.moiso.modelos.Empresa)
                - SQL table alias mapping - empresa1_
                - alias suffix - 1_
                - suffixed key columns - {id1_1_1_}

2024-09-01 14:12:15.906 DEBUG 37840 --- [restartedMain] o.h.loader.entity.plan.EntityLoader      : Static select for entity mvc.moiso.modelos.Empleado [NONE]: select empleado0_.id as id1_0_0_, empleado0_.correo as correo2_0_0_, empleado0_.empresa_id as empresa_7_0_0_, empleado0_.estado as estado3_0_0_, empleado0_.nombre as nombre4_0_0_, empleado0_.password as password5_0_0_, empleado0_.rol as rol6_0_0_, empresa1_.id as id1_1_1_, empresa1_.nit as nit2_1_1_, empresa1_.direccion as direccio3_1_1_, empresa1_.nombre as nombre4_1_1_, empresa1_.telefono as telefono5_1_1_ from empleados empleado0_ left outer join empresa empresa1_ on empleado0_.empresa_id=empresa1_.id where empleado0_.id=?
2024-09-01 14:12:15.937 DEBUG 37840 --- [HikariPool-1 connection adder] com.zaxxer.hikari.pool.HikariPool        : HikariPool-1 - Added connection org.postgresql.jdbc.PgConnection@65b1901c
2024-09-01 14:12:16.471 DEBUG 37840 --- [restartedMain] org.hibernate.mapping.Table              : No alter strings for table : empleados
2024-09-01 14:12:16.471 DEBUG 37840 --- [restartedMain] org.hibernate.mapping.Table              : No alter strings for table : empresa
2024-09-01 14:12:16.471 DEBUG 37840 --- [restartedMain] org.hibernate.mapping.Table              : No alter strings for table : movimientos
2024-09-01 14:12:17.115 DEBUG 37840 --- [HikariPool-1 connection adder] com.zaxxer.hikari.pool.HikariPool        : HikariPool-1 - Added connection org.postgresql.jdbc.PgConnection@6b7662da
2024-09-01 14:12:17.544  INFO 37840 --- [restartedMain] o.h.e.t.j.p.i.JtaPlatformInitiator       : HHH000490: Using JtaPlatform implementation: [org.hibernate.engine.transaction.jta.platform.internal.NoJtaPlatform]
2024-09-01 14:12:17.544 DEBUG 37840 --- [restartedMain] o.h.query.spi.NamedQueryRepository       : Checking 0 named HQL queries
2024-09-01 14:12:17.544 DEBUG 37840 --- [restartedMain] o.h.query.spi.NamedQueryRepository       : Checking 0 named SQL queries
2024-09-01 14:12:17.547 DEBUG 37840 --- [restartedMain] .h.s.i.SessionFactoryServiceRegistryImpl : EventListenerRegistry access via ServiceRegistry is deprecated.  Use `sessionFactory.getEventEngine().getListenerRegistry()` instead
2024-09-01 14:12:17.550 DEBUG 37840 --- [restartedMain] o.h.internal.SessionFactoryRegistry      : Initializing SessionFactoryRegistry : org.hibernate.internal.SessionFactoryRegistry@18690fd6
2024-09-01 14:12:17.550 DEBUG 37840 --- [restartedMain] o.h.internal.SessionFactoryRegistry      : Registering SessionFactory: 5fea58d1-d2e4-42fd-83a9-763c73235d1a (<unnamed>)
2024-09-01 14:12:17.550 DEBUG 37840 --- [restartedMain] o.h.internal.SessionFactoryRegistry      : Not binding SessionFactory to JNDI, no JNDI name configured
2024-09-01 14:12:17.550  INFO 37840 --- [restartedMain] j.LocalContainerEntityManagerFactoryBean : Initialized JPA EntityManagerFactory for persistence unit 'default'
2024-09-01 14:12:17.735 DEBUG 37840 --- [restartedMain] o.h.stat.internal.StatisticsInitiator    : Statistics initialized [enabled=false]
2024-09-01 14:12:17.931 DEBUG 37840 --- [restartedMain] o.h.e.t.internal.TransactionImpl         : On TransactionImpl creation, JpaCompliance#isJpaTransactionComplianceEnabled == false
2024-09-01 14:12:17.969 DEBUG 37840 --- [restartedMain] o.h.e.t.internal.TransactionImpl         : On TransactionImpl creation, JpaCompliance#isJpaTransactionComplianceEnabled == false
2024-09-01 14:12:17.972 DEBUG 37840 --- [restartedMain] o.h.e.t.internal.TransactionImpl         : On TransactionImpl creation, JpaCompliance#isJpaTransactionComplianceEnabled == false
2024-09-01 14:12:17.973 DEBUG 37840 --- [restartedMain] o.h.e.t.internal.TransactionImpl         : On TransactionImpl creation, JpaCompliance#isJpaTransactionComplianceEnabled == false
2024-09-01 14:12:17.976 DEBUG 37840 --- [restartedMain] o.h.e.t.internal.TransactionImpl         : On TransactionImpl creation, JpaCompliance#isJpaTransactionComplianceEnabled == false
2024-09-01 14:12:17.977 DEBUG 37840 --- [restartedMain] o.h.e.t.internal.TransactionImpl         : On TransactionImpl creation, JpaCompliance#isJpaTransactionComplianceEnabled == false
2024-09-01 14:12:17.979 DEBUG 37840 --- [restartedMain] o.h.e.t.internal.TransactionImpl         : On TransactionImpl creation, JpaCompliance#isJpaTransactionComplianceEnabled == false
2024-09-01 14:12:18.049  WARN 37840 --- [restartedMain] JpaBaseConfiguration$JpaWebConfiguration : spring.jpa.open-in-view is enabled by default. Therefore, database queries may be performed during view rendering. Explicitly configure spring.jpa.open-in-view to disable this warning
2024-09-01 14:12:18.310 DEBUG 37840 --- [HikariPool-1 connection adder] com.zaxxer.hikari.pool.HikariPool        : HikariPool-1 - Added connection org.postgresql.jdbc.PgConnection@6f49fb6c
2024-09-01 14:12:18.352  INFO 37840 --- [restartedMain] o.s.s.web.DefaultSecurityFilterChain     : Will secure any request with [org.springframework.security.web.session.DisableEncodeUrlFilter@679553e2, org.springframework.security.web.context.request.async.WebAsyncManagerIntegrationFilter@406e2bc4, org.springframework.security.web.context.SecurityContextPersistenceFilter@710c91d2, org.springframework.security.web.header.HeaderWriterFilter@eeebb5e, org.springframework.security.web.csrf.CsrfFilter@5d606cc3, org.springframework.security.web.authentication.logout.LogoutFilter@76f694be, org.springframework.security.web.authentication.UsernamePasswordAuthenticationFilter@6264b377, org.springframework.security.web.authentication.ui.DefaultLoginPageGeneratingFilter@5da0ce8b, org.springframework.security.web.authentication.ui.DefaultLogoutPageGeneratingFilter@230f80b4, org.springframework.security.web.savedrequest.RequestCacheAwareFilter@25ffda6d, org.springframework.security.web.servletapi.SecurityContextHolderAwareRequestFilter@2cc9f386, org.springframework.security.web.authentication.AnonymousAuthenticationFilter@6e73ce35, org.springframework.security.web.session.SessionManagementFilter@bce539a, org.springframework.security.web.access.ExceptionTranslationFilter@7c289340, org.springframework.security.web.access.intercept.FilterSecurityInterceptor@3b389a74]
2024-09-01 14:12:18.653  INFO 37840 --- [restartedMain] o.s.b.a.w.s.WelcomePageHandlerMapping    : Adding welcome page template: index
2024-09-01 14:12:19.297  INFO 37840 --- [restartedMain] o.s.b.d.a.OptionalLiveReloadServer       : LiveReload server is running on port 35729
2024-09-01 14:12:19.372  INFO 37840 --- [restartedMain] o.s.b.w.embedded.tomcat.TomcatWebServer  : Tomcat started on port(s): 8080 (http) with context path ''
2024-09-01 14:12:19.399  INFO 37840 --- [restartedMain] mvc.moiso.MoisoApplication               : Started MoisoApplication in 10.963 seconds (JVM running for 12.027)
2024-09-01 14:12:19.505 DEBUG 37840 --- [HikariPool-1 connection adder] com.zaxxer.hikari.pool.HikariPool        : HikariPool-1 - Added connection org.postgresql.jdbc.PgConnection@2a4b68e1
2024-09-01 14:12:44.763 DEBUG 37840 --- [HikariPool-1 housekeeper] com.zaxxer.hikari.pool.HikariPool        : HikariPool-1 - Before cleanup stats (total=5, active=0, idle=5, waiting=0)
2024-09-01 14:12:44.765 DEBUG 37840 --- [HikariPool-1 housekeeper] com.zaxxer.hikari.pool.HikariPool        : HikariPool-1 - After cleanup  stats (total=5, active=0, idle=5, waiting=0)
2024-09-01 14:12:44.766 DEBUG 37840 --- [HikariPool-1 housekeeper] com.zaxxer.hikari.pool.HikariPool        : HikariPool-1 - Fill pool skipped, pool is at sufficient level.
2024-09-01 14:13:14.776 DEBUG 37840 --- [HikariPool-1 housekeeper] com.zaxxer.hikari.pool.HikariPool        : HikariPool-1 - Before cleanup stats (total=5, active=0, idle=5, waiting=0)
2024-09-01 14:13:14.777 DEBUG 37840 --- [HikariPool-1 housekeeper] com.zaxxer.hikari.pool.HikariPool        : HikariPool-1 - After cleanup  stats (total=5, active=0, idle=5, waiting=0)
2024-09-01 14:13:14.778 DEBUG 37840 --- [HikariPool-1 housekeeper] com.zaxxer.hikari.pool.HikariPool        : HikariPool-1 - Fill pool skipped, pool is at sufficient level.
2024-09-01 14:13:44.791 DEBUG 37840 --- [HikariPool-1 housekeeper] com.zaxxer.hikari.pool.HikariPool        : HikariPool-1 - Before cleanup stats (total=5, active=0, idle=5, waiting=0)
2024-09-01 14:13:44.792 DEBUG 37840 --- [HikariPool-1 housekeeper] com.zaxxer.hikari.pool.HikariPool        : HikariPool-1 - After cleanup  stats (total=5, active=0, idle=5, waiting=0)
2024-09-01 14:13:44.792 DEBUG 37840 --- [HikariPool-1 housekeeper] com.zaxxer.hikari.pool.HikariPool        : HikariPool-1 - Fill pool skipped, pool is at sufficient level.
2024-09-01 14:14:14.802 DEBUG 37840 --- [HikariPool-1 housekeeper] com.zaxxer.hikari.pool.HikariPool        : HikariPool-1 - Before cleanup stats (total=5, active=0, idle=5, waiting=0)
2024-09-01 14:14:14.803 DEBUG 37840 --- [HikariPool-1 housekeeper] com.zaxxer.hikari.pool.HikariPool        : HikariPool-1 - After cleanup  stats (total=5, active=0, idle=5, waiting=0)
2024-09-01 14:14:14.803 DEBUG 37840 --- [HikariPool-1 housekeeper] com.zaxxer.hikari.pool.HikariPool        : HikariPool-1 - Fill pool skipped, pool is at sufficient level.
2024-09-01 14:14:44.818 DEBUG 37840 --- [HikariPool-1 housekeeper] com.zaxxer.hikari.pool.HikariPool        : HikariPool-1 - Before cleanup stats (total=5, active=0, idle=5, waiting=0)
2024-09-01 14:14:44.820 DEBUG 37840 --- [HikariPool-1 housekeeper] com.zaxxer.hikari.pool.HikariPool        : HikariPool-1 - After cleanup  stats (total=5, active=0, idle=5, waiting=0)
2024-09-01 14:14:44.820 DEBUG 37840 --- [HikariPool-1 housekeeper] com.zaxxer.hikari.pool.HikariPool        : HikariPool-1 - Fill pool skipped, pool is at sufficient level.
2024-09-01 14:15:14.822 DEBUG 37840 --- [HikariPool-1 housekeeper] com.zaxxer.hikari.pool.HikariPool        : HikariPool-1 - Before cleanup stats (total=5, active=0, idle=5, waiting=0)
2024-09-01 14:15:14.823 DEBUG 37840 --- [HikariPool-1 housekeeper] com.zaxxer.hikari.pool.HikariPool        : HikariPool-1 - After cleanup  stats (total=5, active=0, idle=5, waiting=0)
2024-09-01 14:15:14.823 DEBUG 37840 --- [HikariPool-1 housekeeper] com.zaxxer.hikari.pool.HikariPool        : HikariPool-1 - Fill pool skipped, pool is at sufficient level.
2024-09-01 14:15:44.824 DEBUG 37840 --- [HikariPool-1 housekeeper] com.zaxxer.hikari.pool.HikariPool        : HikariPool-1 - Before cleanup stats (total=5, active=0, idle=5, waiting=0)
2024-09-01 14:15:44.826 DEBUG 37840 --- [HikariPool-1 housekeeper] com.zaxxer.hikari.pool.HikariPool        : HikariPool-1 - After cleanup  stats (total=5, active=0, idle=5, waiting=0)
2024-09-01 14:15:44.826 DEBUG 37840 --- [HikariPool-1 housekeeper] com.zaxxer.hikari.pool.HikariPool        : HikariPool-1 - Fill pool skipped, pool is at sufficient level.
2024-09-01 14:16:14.833 DEBUG 37840 --- [HikariPool-1 housekeeper] com.zaxxer.hikari.pool.HikariPool        : HikariPool-1 - Before cleanup stats (total=5, active=0, idle=5, waiting=0)
2024-09-01 14:16:14.834 DEBUG 37840 --- [HikariPool-1 housekeeper] com.zaxxer.hikari.pool.HikariPool        : HikariPool-1 - After cleanup  stats (total=5, active=0, idle=5, waiting=0)
2024-09-01 14:16:14.834 DEBUG 37840 --- [HikariPool-1 housekeeper] com.zaxxer.hikari.pool.HikariPool        : HikariPool-1 - Fill pool skipped, pool is at sufficient level.
2024-09-01 14:16:44.845 DEBUG 37840 --- [HikariPool-1 housekeeper] com.zaxxer.hikari.pool.HikariPool        : HikariPool-1 - Before cleanup stats (total=5, active=0, idle=5, waiting=0)
2024-09-01 14:16:44.845 DEBUG 37840 --- [HikariPool-1 housekeeper] com.zaxxer.hikari.pool.HikariPool        : HikariPool-1 - After cleanup  stats (total=5, active=0, idle=5, waiting=0)
2024-09-01 14:16:44.845 DEBUG 37840 --- [HikariPool-1 housekeeper] com.zaxxer.hikari.pool.HikariPool        : HikariPool-1 - Fill pool skipped, pool is at sufficient level.
2024-09-01 14:16:47.374 DEBUG 37840 --- [HikariPool-1 housekeeper] com.zaxxer.hikari.pool.HikariPool        : HikariPool-1 - keepalive: connection org.postgresql.jdbc.PgConnection@1301cfdc is alive
2024-09-01 14:16:57.025 DEBUG 37840 --- [HikariPool-1 housekeeper] com.zaxxer.hikari.pool.HikariPool        : HikariPool-1 - keepalive: connection org.postgresql.jdbc.PgConnection@6b7662da is alive
2024-09-01 14:16:58.653 DEBUG 37840 --- [HikariPool-1 housekeeper] com.zaxxer.hikari.pool.HikariPool        : HikariPool-1 - keepalive: connection org.postgresql.jdbc.PgConnection@2a4b68e1 is alive
2024-09-01 14:17:02.877 DEBUG 37840 --- [HikariPool-1 housekeeper] com.zaxxer.hikari.pool.HikariPool        : HikariPool-1 - keepalive: connection org.postgresql.jdbc.PgConnection@65b1901c is alive
2024-09-01 14:17:12.356 DEBUG 37840 --- [HikariPool-1 housekeeper] com.zaxxer.hikari.pool.HikariPool        : HikariPool-1 - keepalive: connection org.postgresql.jdbc.PgConnection@6f49fb6c is alive
2024-09-01 14:17:14.846 DEBUG 37840 --- [HikariPool-1 housekeeper] com.zaxxer.hikari.pool.HikariPool        : HikariPool-1 - Before cleanup stats (total=5, active=0, idle=5, waiting=0)
2024-09-01 14:17:14.847 DEBUG 37840 --- [HikariPool-1 housekeeper] com.zaxxer.hikari.pool.HikariPool        : HikariPool-1 - After cleanup  stats (total=5, active=0, idle=5, waiting=0)
2024-09-01 14:17:14.848 DEBUG 37840 --- [HikariPool-1 housekeeper] com.zaxxer.hikari.pool.HikariPool        : HikariPool-1 - Fill pool skipped, pool is at sufficient level.
2024-09-01 14:17:44.856 DEBUG 37840 --- [HikariPool-1 housekeeper] com.zaxxer.hikari.pool.HikariPool        : HikariPool-1 - Before cleanup stats (total=5, active=0, idle=5, waiting=0)
2024-09-01 14:17:44.857 DEBUG 37840 --- [HikariPool-1 housekeeper] com.zaxxer.hikari.pool.HikariPool        : HikariPool-1 - After cleanup  stats (total=5, active=0, idle=5, waiting=0)
2024-09-01 14:17:44.858 DEBUG 37840 --- [HikariPool-1 housekeeper] com.zaxxer.hikari.pool.HikariPool        : HikariPool-1 - Fill pool skipped, pool is at sufficient level.
2024-09-01 14:18:14.864 DEBUG 37840 --- [HikariPool-1 housekeeper] com.zaxxer.hikari.pool.HikariPool        : HikariPool-1 - Before cleanup stats (total=5, active=0, idle=5, waiting=0)
2024-09-01 14:18:14.865 DEBUG 37840 --- [HikariPool-1 housekeeper] com.zaxxer.hikari.pool.HikariPool        : HikariPool-1 - After cleanup  stats (total=5, active=0, idle=5, waiting=0)
2024-09-01 14:18:14.865 DEBUG 37840 --- [HikariPool-1 housekeeper] com.zaxxer.hikari.pool.HikariPool        : HikariPool-1 - Fill pool skipped, pool is at sufficient level.
2024-09-01 14:18:44.880 DEBUG 37840 --- [HikariPool-1 housekeeper] com.zaxxer.hikari.pool.HikariPool        : HikariPool-1 - Before cleanup stats (total=5, active=0, idle=5, waiting=0)
2024-09-01 14:18:44.880 DEBUG 37840 --- [HikariPool-1 housekeeper] com.zaxxer.hikari.pool.HikariPool        : HikariPool-1 - After cleanup  stats (total=5, active=0, idle=5, waiting=0)
2024-09-01 14:18:44.880 DEBUG 37840 --- [HikariPool-1 housekeeper] com.zaxxer.hikari.pool.HikariPool        : HikariPool-1 - Fill pool skipped, pool is at sufficient level.
2024-09-01 14:19:14.892 DEBUG 37840 --- [HikariPool-1 housekeeper] com.zaxxer.hikari.pool.HikariPool        : HikariPool-1 - Before cleanup stats (total=5, active=0, idle=5, waiting=0)
2024-09-01 14:19:14.893 DEBUG 37840 --- [HikariPool-1 housekeeper] com.zaxxer.hikari.pool.HikariPool        : HikariPool-1 - After cleanup  stats (total=5, active=0, idle=5, waiting=0)
2024-09-01 14:19:14.893 DEBUG 37840 --- [HikariPool-1 housekeeper] com.zaxxer.hikari.pool.HikariPool        : HikariPool-1 - Fill pool skipped, pool is at sufficient level.
2024-09-01 14:19:44.898 DEBUG 37840 --- [HikariPool-1 housekeeper] com.zaxxer.hikari.pool.HikariPool        : HikariPool-1 - Before cleanup stats (total=5, active=0, idle=5, waiting=0)
2024-09-01 14:19:44.900 DEBUG 37840 --- [HikariPool-1 housekeeper] com.zaxxer.hikari.pool.HikariPool        : HikariPool-1 - After cleanup  stats (total=5, active=0, idle=5, waiting=0)
2024-09-01 14:19:44.900 DEBUG 37840 --- [HikariPool-1 housekeeper] com.zaxxer.hikari.pool.HikariPool        : HikariPool-1 - Fill pool skipped, pool is at sufficient level.
2024-09-01 14:20:14.913 DEBUG 37840 --- [HikariPool-1 housekeeper] com.zaxxer.hikari.pool.HikariPool        : HikariPool-1 - Before cleanup stats (total=5, active=0, idle=5, waiting=0)
2024-09-01 14:20:14.915 DEBUG 37840 --- [HikariPool-1 housekeeper] com.zaxxer.hikari.pool.HikariPool        : HikariPool-1 - After cleanup  stats (total=5, active=0, idle=5, waiting=0)
2024-09-01 14:20:14.920 DEBUG 37840 --- [HikariPool-1 housekeeper] com.zaxxer.hikari.pool.HikariPool        : HikariPool-1 - Fill pool skipped, pool is at sufficient level.
2024-09-01 14:20:44.931 DEBUG 37840 --- [HikariPool-1 housekeeper] com.zaxxer.hikari.pool.HikariPool        : HikariPool-1 - Before cleanup stats (total=5, active=0, idle=5, waiting=0)
2024-09-01 14:20:44.931 DEBUG 37840 --- [HikariPool-1 housekeeper] com.zaxxer.hikari.pool.HikariPool        : HikariPool-1 - After cleanup  stats (total=5, active=0, idle=5, waiting=0)
2024-09-01 14:20:44.931 DEBUG 37840 --- [HikariPool-1 housekeeper] com.zaxxer.hikari.pool.HikariPool        : HikariPool-1 - Fill pool skipped, pool is at sufficient level.
2024-09-01 14:21:14.933 DEBUG 37840 --- [HikariPool-1 housekeeper] com.zaxxer.hikari.pool.HikariPool        : HikariPool-1 - Before cleanup stats (total=5, active=0, idle=5, waiting=0)
2024-09-01 14:21:14.933 DEBUG 37840 --- [HikariPool-1 housekeeper] com.zaxxer.hikari.pool.HikariPool        : HikariPool-1 - After cleanup  stats (total=5, active=0, idle=5, waiting=0)
2024-09-01 14:21:14.933 DEBUG 37840 --- [HikariPool-1 housekeeper] com.zaxxer.hikari.pool.HikariPool        : HikariPool-1 - Fill pool skipped, pool is at sufficient level.
2024-09-01 14:21:20.089 DEBUG 37840 --- [HikariPool-1 housekeeper] com.zaxxer.hikari.pool.HikariPool        : HikariPool-1 - keepalive: connection org.postgresql.jdbc.PgConnection@1301cfdc is alive
2024-09-01 14:21:36.938 DEBUG 37840 --- [HikariPool-1 housekeeper] com.zaxxer.hikari.pool.HikariPool        : HikariPool-1 - keepalive: connection org.postgresql.jdbc.PgConnection@6b7662da is alive
2024-09-01 14:21:37.800 DEBUG 37840 --- [HikariPool-1 housekeeper] com.zaxxer.hikari.pool.HikariPool        : HikariPool-1 - keepalive: connection org.postgresql.jdbc.PgConnection@2a4b68e1 is alive
2024-09-01 14:21:44.949 DEBUG 37840 --- [HikariPool-1 housekeeper] com.zaxxer.hikari.pool.HikariPool        : HikariPool-1 - Before cleanup stats (total=5, active=0, idle=5, waiting=0)
2024-09-01 14:21:44.949 DEBUG 37840 --- [HikariPool-1 housekeeper] com.zaxxer.hikari.pool.HikariPool        : HikariPool-1 - After cleanup  stats (total=5, active=0, idle=5, waiting=0)
2024-09-01 14:21:44.949 DEBUG 37840 --- [HikariPool-1 housekeeper] com.zaxxer.hikari.pool.HikariPool        : HikariPool-1 - Fill pool skipped, pool is at sufficient level.
2024-09-01 14:21:49.801 DEBUG 37840 --- [HikariPool-1 housekeeper] com.zaxxer.hikari.pool.HikariPool        : HikariPool-1 - keepalive: connection org.postgresql.jdbc.PgConnection@65b1901c is alive
2024-09-01 14:22:06.403 DEBUG 37840 --- [HikariPool-1 housekeeper] com.zaxxer.hikari.pool.HikariPool        : HikariPool-1 - keepalive: connection org.postgresql.jdbc.PgConnection@6f49fb6c is alive
2024-09-01 14:22:14.959 DEBUG 37840 --- [HikariPool-1 housekeeper] com.zaxxer.hikari.pool.HikariPool        : HikariPool-1 - Before cleanup stats (total=5, active=0, idle=5, waiting=0)
2024-09-01 14:22:14.959 DEBUG 37840 --- [HikariPool-1 housekeeper] com.zaxxer.hikari.pool.HikariPool        : HikariPool-1 - After cleanup  stats (total=5, active=0, idle=5, waiting=0)
2024-09-01 14:22:14.959 DEBUG 37840 --- [HikariPool-1 housekeeper] com.zaxxer.hikari.pool.HikariPool        : HikariPool-1 - Fill pool skipped, pool is at sufficient level.
2024-09-01 14:22:44.972 DEBUG 37840 --- [HikariPool-1 housekeeper] com.zaxxer.hikari.pool.HikariPool        : HikariPool-1 - Before cleanup stats (total=5, active=0, idle=5, waiting=0)
2024-09-01 14:22:44.972 DEBUG 37840 --- [HikariPool-1 housekeeper] com.zaxxer.hikari.pool.HikariPool        : HikariPool-1 - After cleanup  stats (total=5, active=0, idle=5, waiting=0)
2024-09-01 14:22:44.972 DEBUG 37840 --- [HikariPool-1 housekeeper] com.zaxxer.hikari.pool.HikariPool        : HikariPool-1 - Fill pool skipped, pool is at sufficient level.
2024-09-01 14:23:14.984 DEBUG 37840 --- [HikariPool-1 housekeeper] com.zaxxer.hikari.pool.HikariPool        : HikariPool-1 - Before cleanup stats (total=5, active=0, idle=5, waiting=0)
2024-09-01 14:23:14.984 DEBUG 37840 --- [HikariPool-1 housekeeper] com.zaxxer.hikari.pool.HikariPool        : HikariPool-1 - After cleanup  stats (total=5, active=0, idle=5, waiting=0)
2024-09-01 14:23:14.984 DEBUG 37840 --- [HikariPool-1 housekeeper] com.zaxxer.hikari.pool.HikariPool        : HikariPool-1 - Fill pool skipped, pool is at sufficient level.
2024-09-01 14:23:44.988 DEBUG 37840 --- [HikariPool-1 housekeeper] com.zaxxer.hikari.pool.HikariPool        : HikariPool-1 - Before cleanup stats (total=5, active=0, idle=5, waiting=0)
2024-09-01 14:23:44.988 DEBUG 37840 --- [HikariPool-1 housekeeper] com.zaxxer.hikari.pool.HikariPool        : HikariPool-1 - After cleanup  stats (total=5, active=0, idle=5, waiting=0)
2024-09-01 14:23:44.988 DEBUG 37840 --- [HikariPool-1 housekeeper] com.zaxxer.hikari.pool.HikariPool        : HikariPool-1 - Fill pool skipped, pool is at sufficient level.
2024-09-01 14:24:14.995 DEBUG 37840 --- [HikariPool-1 housekeeper] com.zaxxer.hikari.pool.HikariPool        : HikariPool-1 - Before cleanup stats (total=5, active=0, idle=5, waiting=0)
2024-09-01 14:24:14.995 DEBUG 37840 --- [HikariPool-1 housekeeper] com.zaxxer.hikari.pool.HikariPool        : HikariPool-1 - After cleanup  stats (total=5, active=0, idle=5, waiting=0)
2024-09-01 14:24:14.995 DEBUG 37840 --- [HikariPool-1 housekeeper] com.zaxxer.hikari.pool.HikariPool        : HikariPool-1 - Fill pool skipped, pool is at sufficient level.
2024-09-01 14:24:45.007 DEBUG 37840 --- [HikariPool-1 housekeeper] com.zaxxer.hikari.pool.HikariPool        : HikariPool-1 - Before cleanup stats (total=5, active=0, idle=5, waiting=0)
2024-09-01 14:24:45.007 DEBUG 37840 --- [HikariPool-1 housekeeper] com.zaxxer.hikari.pool.HikariPool        : HikariPool-1 - After cleanup  stats (total=5, active=0, idle=5, waiting=0)
2024-09-01 14:24:45.007 DEBUG 37840 --- [HikariPool-1 housekeeper] com.zaxxer.hikari.pool.HikariPool        : HikariPool-1 - Fill pool skipped, pool is at sufficient level.
2024-09-01 14:25:15.021 DEBUG 37840 --- [HikariPool-1 housekeeper] com.zaxxer.hikari.pool.HikariPool        : HikariPool-1 - Before cleanup stats (total=5, active=0, idle=5, waiting=0)
2024-09-01 14:25:15.022 DEBUG 37840 --- [HikariPool-1 housekeeper] com.zaxxer.hikari.pool.HikariPool        : HikariPool-1 - After cleanup  stats (total=5, active=0, idle=5, waiting=0)
2024-09-01 14:25:15.022 DEBUG 37840 --- [HikariPool-1 housekeeper] com.zaxxer.hikari.pool.HikariPool        : HikariPool-1 - Fill pool skipped, pool is at sufficient level.
2024-09-01 14:25:45.024 DEBUG 37840 --- [HikariPool-1 housekeeper] com.zaxxer.hikari.pool.HikariPool        : HikariPool-1 - Before cleanup stats (total=5, active=0, idle=5, waiting=0)
2024-09-01 14:25:45.024 DEBUG 37840 --- [HikariPool-1 housekeeper] com.zaxxer.hikari.pool.HikariPool        : HikariPool-1 - After cleanup  stats (total=5, active=0, idle=5, waiting=0)
2024-09-01 14:25:45.025 DEBUG 37840 --- [HikariPool-1 housekeeper] com.zaxxer.hikari.pool.HikariPool        : HikariPool-1 - Fill pool skipped, pool is at sufficient level.
2024-09-01 14:25:52.805 DEBUG 37840 --- [HikariPool-1 housekeeper] com.zaxxer.hikari.pool.HikariPool        : HikariPool-1 - keepalive: connection org.postgresql.jdbc.PgConnection@1301cfdc is alive
2024-09-01 14:26:15.033 DEBUG 37840 --- [HikariPool-1 housekeeper] com.zaxxer.hikari.pool.HikariPool        : HikariPool-1 - Before cleanup stats (total=5, active=0, idle=5, waiting=0)
2024-09-01 14:26:15.033 DEBUG 37840 --- [HikariPool-1 housekeeper] com.zaxxer.hikari.pool.HikariPool        : HikariPool-1 - After cleanup  stats (total=5, active=0, idle=5, waiting=0)
2024-09-01 14:26:15.033 DEBUG 37840 --- [HikariPool-1 housekeeper] com.zaxxer.hikari.pool.HikariPool        : HikariPool-1 - Fill pool skipped, pool is at sufficient level.
2024-09-01 14:26:16.843 DEBUG 37840 --- [HikariPool-1 housekeeper] com.zaxxer.hikari.pool.HikariPool        : HikariPool-1 - keepalive: connection org.postgresql.jdbc.PgConnection@6b7662da is alive
2024-09-01 14:26:16.959 DEBUG 37840 --- [HikariPool-1 housekeeper] com.zaxxer.hikari.pool.HikariPool        : HikariPool-1 - keepalive: connection org.postgresql.jdbc.PgConnection@2a4b68e1 is alive
2024-09-01 14:26:36.732 DEBUG 37840 --- [HikariPool-1 housekeeper] com.zaxxer.hikari.pool.HikariPool        : HikariPool-1 - keepalive: connection org.postgresql.jdbc.PgConnection@65b1901c is alive
2024-09-01 14:26:45.039 DEBUG 37840 --- [HikariPool-1 housekeeper] com.zaxxer.hikari.pool.HikariPool        : HikariPool-1 - Before cleanup stats (total=5, active=0, idle=5, waiting=0)
2024-09-01 14:26:45.039 DEBUG 37840 --- [HikariPool-1 housekeeper] com.zaxxer.hikari.pool.HikariPool        : HikariPool-1 - After cleanup  stats (total=5, active=0, idle=5, waiting=0)
2024-09-01 14:26:45.039 DEBUG 37840 --- [HikariPool-1 housekeeper] com.zaxxer.hikari.pool.HikariPool        : HikariPool-1 - Fill pool skipped, pool is at sufficient level.
2024-09-01 14:27:00.460 DEBUG 37840 --- [HikariPool-1 housekeeper] com.zaxxer.hikari.pool.HikariPool        : HikariPool-1 - keepalive: connection org.postgresql.jdbc.PgConnection@6f49fb6c is alive
2024-09-01 14:27:15.051 DEBUG 37840 --- [HikariPool-1 housekeeper] com.zaxxer.hikari.pool.HikariPool        : HikariPool-1 - Before cleanup stats (total=5, active=0, idle=5, waiting=0)
2024-09-01 14:27:15.051 DEBUG 37840 --- [HikariPool-1 housekeeper] com.zaxxer.hikari.pool.HikariPool        : HikariPool-1 - After cleanup  stats (total=5, active=0, idle=5, waiting=0)
2024-09-01 14:27:15.051 DEBUG 37840 --- [HikariPool-1 housekeeper] com.zaxxer.hikari.pool.HikariPool        : HikariPool-1 - Fill pool skipped, pool is at sufficient level.
2024-09-01 14:27:45.056 DEBUG 37840 --- [HikariPool-1 housekeeper] com.zaxxer.hikari.pool.HikariPool        : HikariPool-1 - Before cleanup stats (total=5, active=0, idle=5, waiting=0)
2024-09-01 14:27:45.056 DEBUG 37840 --- [HikariPool-1 housekeeper] com.zaxxer.hikari.pool.HikariPool        : HikariPool-1 - After cleanup  stats (total=5, active=0, idle=5, waiting=0)
2024-09-01 14:27:45.056 DEBUG 37840 --- [HikariPool-1 housekeeper] com.zaxxer.hikari.pool.HikariPool        : HikariPool-1 - Fill pool skipped, pool is at sufficient level.
2024-09-01 14:28:15.066 DEBUG 37840 --- [HikariPool-1 housekeeper] com.zaxxer.hikari.pool.HikariPool        : HikariPool-1 - Before cleanup stats (total=5, active=0, idle=5, waiting=0)
2024-09-01 14:28:15.066 DEBUG 37840 --- [HikariPool-1 housekeeper] com.zaxxer.hikari.pool.HikariPool        : HikariPool-1 - After cleanup  stats (total=5, active=0, idle=5, waiting=0)
2024-09-01 14:28:15.066 DEBUG 37840 --- [HikariPool-1 housekeeper] com.zaxxer.hikari.pool.HikariPool        : HikariPool-1 - Fill pool skipped, pool is at sufficient level.
2024-09-01 14:28:45.067 DEBUG 37840 --- [HikariPool-1 housekeeper] com.zaxxer.hikari.pool.HikariPool        : HikariPool-1 - Before cleanup stats (total=5, active=0, idle=5, waiting=0)
2024-09-01 14:28:45.067 DEBUG 37840 --- [HikariPool-1 housekeeper] com.zaxxer.hikari.pool.HikariPool        : HikariPool-1 - After cleanup  stats (total=5, active=0, idle=5, waiting=0)
2024-09-01 14:28:45.067 DEBUG 37840 --- [HikariPool-1 housekeeper] com.zaxxer.hikari.pool.HikariPool        : HikariPool-1 - Fill pool skipped, pool is at sufficient level.
2024-09-01 14:29:15.082 DEBUG 37840 --- [HikariPool-1 housekeeper] com.zaxxer.hikari.pool.HikariPool        : HikariPool-1 - Before cleanup stats (total=5, active=0, idle=5, waiting=0)
2024-09-01 14:29:15.082 DEBUG 37840 --- [HikariPool-1 housekeeper] com.zaxxer.hikari.pool.HikariPool        : HikariPool-1 - After cleanup  stats (total=5, active=0, idle=5, waiting=0)
2024-09-01 14:29:15.082 DEBUG 37840 --- [HikariPool-1 housekeeper] com.zaxxer.hikari.pool.HikariPool        : HikariPool-1 - Fill pool skipped, pool is at sufficient level.
2024-09-01 14:29:45.084 DEBUG 37840 --- [HikariPool-1 housekeeper] com.zaxxer.hikari.pool.HikariPool        : HikariPool-1 - Before cleanup stats (total=5, active=0, idle=5, waiting=0)
2024-09-01 14:29:45.085 DEBUG 37840 --- [HikariPool-1 housekeeper] com.zaxxer.hikari.pool.HikariPool        : HikariPool-1 - After cleanup  stats (total=5, active=0, idle=5, waiting=0)
2024-09-01 14:29:45.085 DEBUG 37840 --- [HikariPool-1 housekeeper] com.zaxxer.hikari.pool.HikariPool        : HikariPool-1 - Fill pool skipped, pool is at sufficient level.
2024-09-01 14:30:15.091 DEBUG 37840 --- [HikariPool-1 housekeeper] com.zaxxer.hikari.pool.HikariPool        : HikariPool-1 - Before cleanup stats (total=5, active=0, idle=5, waiting=0)
2024-09-01 14:30:15.091 DEBUG 37840 --- [HikariPool-1 housekeeper] com.zaxxer.hikari.pool.HikariPool        : HikariPool-1 - After cleanup  stats (total=5, active=0, idle=5, waiting=0)
2024-09-01 14:30:15.091 DEBUG 37840 --- [HikariPool-1 housekeeper] com.zaxxer.hikari.pool.HikariPool        : HikariPool-1 - Fill pool skipped, pool is at sufficient level.
2024-09-01 14:30:25.519 DEBUG 37840 --- [HikariPool-1 housekeeper] com.zaxxer.hikari.pool.HikariPool        : HikariPool-1 - keepalive: connection org.postgresql.jdbc.PgConnection@1301cfdc is alive
2024-09-01 14:30:45.092 DEBUG 37840 --- [HikariPool-1 housekeeper] com.zaxxer.hikari.pool.HikariPool        : HikariPool-1 - Before cleanup stats (total=5, active=0, idle=5, waiting=0)
2024-09-01 14:30:45.092 DEBUG 37840 --- [HikariPool-1 housekeeper] com.zaxxer.hikari.pool.HikariPool        : HikariPool-1 - After cleanup  stats (total=5, active=0, idle=5, waiting=0)
2024-09-01 14:30:45.092 DEBUG 37840 --- [HikariPool-1 housekeeper] com.zaxxer.hikari.pool.HikariPool        : HikariPool-1 - Fill pool skipped, pool is at sufficient level.
2024-09-01 14:30:56.116 DEBUG 37840 --- [HikariPool-1 housekeeper] com.zaxxer.hikari.pool.HikariPool        : HikariPool-1 - keepalive: connection org.postgresql.jdbc.PgConnection@2a4b68e1 is alive
2024-09-01 14:30:56.752 DEBUG 37840 --- [HikariPool-1 housekeeper] com.zaxxer.hikari.pool.HikariPool        : HikariPool-1 - keepalive: connection org.postgresql.jdbc.PgConnection@6b7662da is alive
2024-09-01 14:31:15.099 DEBUG 37840 --- [HikariPool-1 housekeeper] com.zaxxer.hikari.pool.HikariPool        : HikariPool-1 - Before cleanup stats (total=5, active=0, idle=5, waiting=0)
2024-09-01 14:31:15.099 DEBUG 37840 --- [HikariPool-1 housekeeper] com.zaxxer.hikari.pool.HikariPool        : HikariPool-1 - After cleanup  stats (total=5, active=0, idle=5, waiting=0)
2024-09-01 14:31:15.100 DEBUG 37840 --- [HikariPool-1 housekeeper] com.zaxxer.hikari.pool.HikariPool        : HikariPool-1 - Fill pool skipped, pool is at sufficient level.
2024-09-01 14:31:23.655 DEBUG 37840 --- [HikariPool-1 housekeeper] com.zaxxer.hikari.pool.HikariPool        : HikariPool-1 - keepalive: connection org.postgresql.jdbc.PgConnection@65b1901c is alive
2024-09-01 14:31:45.103 DEBUG 37840 --- [HikariPool-1 housekeeper] com.zaxxer.hikari.pool.HikariPool        : HikariPool-1 - Before cleanup stats (total=5, active=0, idle=5, waiting=0)
2024-09-01 14:31:45.103 DEBUG 37840 --- [HikariPool-1 housekeeper] com.zaxxer.hikari.pool.HikariPool        : HikariPool-1 - After cleanup  stats (total=5, active=0, idle=5, waiting=0)
2024-09-01 14:31:45.104 DEBUG 37840 --- [HikariPool-1 housekeeper] com.zaxxer.hikari.pool.HikariPool        : HikariPool-1 - Fill pool skipped, pool is at sufficient level.
2024-09-01 14:31:54.507 DEBUG 37840 --- [HikariPool-1 housekeeper] com.zaxxer.hikari.pool.HikariPool        : HikariPool-1 - keepalive: connection org.postgresql.jdbc.PgConnection@6f49fb6c is alive
2024-09-01 14:32:15.116 DEBUG 37840 --- [HikariPool-1 housekeeper] com.zaxxer.hikari.pool.HikariPool        : HikariPool-1 - Before cleanup stats (total=5, active=0, idle=5, waiting=0)
2024-09-01 14:32:15.116 DEBUG 37840 --- [HikariPool-1 housekeeper] com.zaxxer.hikari.pool.HikariPool        : HikariPool-1 - After cleanup  stats (total=5, active=0, idle=5, waiting=0)
2024-09-01 14:32:15.116 DEBUG 37840 --- [HikariPool-1 housekeeper] com.zaxxer.hikari.pool.HikariPool        : HikariPool-1 - Fill pool skipped, pool is at sufficient level.
2024-09-01 14:32:45.129 DEBUG 37840 --- [HikariPool-1 housekeeper] com.zaxxer.hikari.pool.HikariPool        : HikariPool-1 - Before cleanup stats (total=5, active=0, idle=5, waiting=0)
2024-09-01 14:32:45.130 DEBUG 37840 --- [HikariPool-1 housekeeper] com.zaxxer.hikari.pool.HikariPool        : HikariPool-1 - After cleanup  stats (total=5, active=0, idle=5, waiting=0)
2024-09-01 14:32:45.130 DEBUG 37840 --- [HikariPool-1 housekeeper] com.zaxxer.hikari.pool.HikariPool        : HikariPool-1 - Fill pool skipped, pool is at sufficient level.
2024-09-01 14:33:15.132 DEBUG 37840 --- [HikariPool-1 housekeeper] com.zaxxer.hikari.pool.HikariPool        : HikariPool-1 - Before cleanup stats (total=5, active=0, idle=5, waiting=0)
2024-09-01 14:33:15.132 DEBUG 37840 --- [HikariPool-1 housekeeper] com.zaxxer.hikari.pool.HikariPool        : HikariPool-1 - After cleanup  stats (total=5, active=0, idle=5, waiting=0)
2024-09-01 14:33:15.132 DEBUG 37840 --- [HikariPool-1 housekeeper] com.zaxxer.hikari.pool.HikariPool        : HikariPool-1 - Fill pool skipped, pool is at sufficient level.
2024-09-01 14:33:45.145 DEBUG 37840 --- [HikariPool-1 housekeeper] com.zaxxer.hikari.pool.HikariPool        : HikariPool-1 - Before cleanup stats (total=5, active=0, idle=5, waiting=0)
2024-09-01 14:33:45.145 DEBUG 37840 --- [HikariPool-1 housekeeper] com.zaxxer.hikari.pool.HikariPool        : HikariPool-1 - After cleanup  stats (total=5, active=0, idle=5, waiting=0)
2024-09-01 14:33:45.145 DEBUG 37840 --- [HikariPool-1 housekeeper] com.zaxxer.hikari.pool.HikariPool        : HikariPool-1 - Fill pool skipped, pool is at sufficient level.
2024-09-01 14:34:15.153 DEBUG 37840 --- [HikariPool-1 housekeeper] com.zaxxer.hikari.pool.HikariPool        : HikariPool-1 - Before cleanup stats (total=5, active=0, idle=5, waiting=0)
2024-09-01 14:34:15.153 DEBUG 37840 --- [HikariPool-1 housekeeper] com.zaxxer.hikari.pool.HikariPool        : HikariPool-1 - After cleanup  stats (total=5, active=0, idle=5, waiting=0)
2024-09-01 14:34:15.153 DEBUG 37840 --- [HikariPool-1 housekeeper] com.zaxxer.hikari.pool.HikariPool        : HikariPool-1 - Fill pool skipped, pool is at sufficient level.
2024-09-01 14:34:45.166 DEBUG 37840 --- [HikariPool-1 housekeeper] com.zaxxer.hikari.pool.HikariPool        : HikariPool-1 - Before cleanup stats (total=5, active=0, idle=5, waiting=0)
2024-09-01 14:34:45.166 DEBUG 37840 --- [HikariPool-1 housekeeper] com.zaxxer.hikari.pool.HikariPool        : HikariPool-1 - After cleanup  stats (total=5, active=0, idle=5, waiting=0)
2024-09-01 14:34:45.166 DEBUG 37840 --- [HikariPool-1 housekeeper] com.zaxxer.hikari.pool.HikariPool        : HikariPool-1 - Fill pool skipped, pool is at sufficient level.
2024-09-01 14:34:58.235 DEBUG 37840 --- [HikariPool-1 housekeeper] com.zaxxer.hikari.pool.HikariPool        : HikariPool-1 - keepalive: connection org.postgresql.jdbc.PgConnection@1301cfdc is alive
2024-09-01 14:35:15.175 DEBUG 37840 --- [HikariPool-1 housekeeper] com.zaxxer.hikari.pool.HikariPool        : HikariPool-1 - Before cleanup stats (total=5, active=0, idle=5, waiting=0)
2024-09-01 14:35:15.175 DEBUG 37840 --- [HikariPool-1 housekeeper] com.zaxxer.hikari.pool.HikariPool        : HikariPool-1 - After cleanup  stats (total=5, active=0, idle=5, waiting=0)
2024-09-01 14:35:15.175 DEBUG 37840 --- [HikariPool-1 housekeeper] com.zaxxer.hikari.pool.HikariPool        : HikariPool-1 - Fill pool skipped, pool is at sufficient level.
2024-09-01 14:35:35.273 DEBUG 37840 --- [HikariPool-1 housekeeper] com.zaxxer.hikari.pool.HikariPool        : HikariPool-1 - keepalive: connection org.postgresql.jdbc.PgConnection@2a4b68e1 is alive
2024-09-01 14:35:36.654 DEBUG 37840 --- [HikariPool-1 housekeeper] com.zaxxer.hikari.pool.HikariPool        : HikariPool-1 - keepalive: connection org.postgresql.jdbc.PgConnection@6b7662da is alive
2024-09-01 14:35:45.187 DEBUG 37840 --- [HikariPool-1 housekeeper] com.zaxxer.hikari.pool.HikariPool        : HikariPool-1 - Before cleanup stats (total=5, active=0, idle=5, waiting=0)
2024-09-01 14:35:45.187 DEBUG 37840 --- [HikariPool-1 housekeeper] com.zaxxer.hikari.pool.HikariPool        : HikariPool-1 - After cleanup  stats (total=5, active=0, idle=5, waiting=0)
2024-09-01 14:35:45.187 DEBUG 37840 --- [HikariPool-1 housekeeper] com.zaxxer.hikari.pool.HikariPool        : HikariPool-1 - Fill pool skipped, pool is at sufficient level.
2024-09-01 14:36:10.589 DEBUG 37840 --- [HikariPool-1 housekeeper] com.zaxxer.hikari.pool.HikariPool        : HikariPool-1 - keepalive: connection org.postgresql.jdbc.PgConnection@65b1901c is alive
2024-09-01 14:36:15.194 DEBUG 37840 --- [HikariPool-1 housekeeper] com.zaxxer.hikari.pool.HikariPool        : HikariPool-1 - Before cleanup stats (total=5, active=0, idle=5, waiting=0)
2024-09-01 14:36:15.194 DEBUG 37840 --- [HikariPool-1 housekeeper] com.zaxxer.hikari.pool.HikariPool        : HikariPool-1 - After cleanup  stats (total=5, active=0, idle=5, waiting=0)
2024-09-01 14:36:15.194 DEBUG 37840 --- [HikariPool-1 housekeeper] com.zaxxer.hikari.pool.HikariPool        : HikariPool-1 - Fill pool skipped, pool is at sufficient level.
2024-09-01 14:36:45.197 DEBUG 37840 --- [HikariPool-1 housekeeper] com.zaxxer.hikari.pool.HikariPool        : HikariPool-1 - Before cleanup stats (total=5, active=0, idle=5, waiting=0)
2024-09-01 14:36:45.197 DEBUG 37840 --- [HikariPool-1 housekeeper] com.zaxxer.hikari.pool.HikariPool        : HikariPool-1 - After cleanup  stats (total=5, active=0, idle=5, waiting=0)
2024-09-01 14:36:45.197 DEBUG 37840 --- [HikariPool-1 housekeeper] com.zaxxer.hikari.pool.HikariPool        : HikariPool-1 - Fill pool skipped, pool is at sufficient level.
2024-09-01 14:36:48.554 DEBUG 37840 --- [HikariPool-1 housekeeper] com.zaxxer.hikari.pool.HikariPool        : HikariPool-1 - keepalive: connection org.postgresql.jdbc.PgConnection@6f49fb6c is alive
2024-09-01 14:37:15.208 DEBUG 37840 --- [HikariPool-1 housekeeper] com.zaxxer.hikari.pool.HikariPool        : HikariPool-1 - Before cleanup stats (total=5, active=0, idle=5, waiting=0)
2024-09-01 14:37:15.208 DEBUG 37840 --- [HikariPool-1 housekeeper] com.zaxxer.hikari.pool.HikariPool        : HikariPool-1 - After cleanup  stats (total=5, active=0, idle=5, waiting=0)
2024-09-01 14:37:15.208 DEBUG 37840 --- [HikariPool-1 housekeeper] com.zaxxer.hikari.pool.HikariPool        : HikariPool-1 - Fill pool skipped, pool is at sufficient level.
2024-09-01 14:37:45.209 DEBUG 37840 --- [HikariPool-1 housekeeper] com.zaxxer.hikari.pool.HikariPool        : HikariPool-1 - Before cleanup stats (total=5, active=0, idle=5, waiting=0)
2024-09-01 14:37:45.210 DEBUG 37840 --- [HikariPool-1 housekeeper] com.zaxxer.hikari.pool.HikariPool        : HikariPool-1 - After cleanup  stats (total=5, active=0, idle=5, waiting=0)
2024-09-01 14:37:45.210 DEBUG 37840 --- [HikariPool-1 housekeeper] com.zaxxer.hikari.pool.HikariPool        : HikariPool-1 - Fill pool skipped, pool is at sufficient level.
2024-09-01 14:38:15.213 DEBUG 37840 --- [HikariPool-1 housekeeper] com.zaxxer.hikari.pool.HikariPool        : HikariPool-1 - Before cleanup stats (total=5, active=0, idle=5, waiting=0)
2024-09-01 14:38:15.213 DEBUG 37840 --- [HikariPool-1 housekeeper] com.zaxxer.hikari.pool.HikariPool        : HikariPool-1 - After cleanup  stats (total=5, active=0, idle=5, waiting=0)
2024-09-01 14:38:15.213 DEBUG 37840 --- [HikariPool-1 housekeeper] com.zaxxer.hikari.pool.HikariPool        : HikariPool-1 - Fill pool skipped, pool is at sufficient level.
2024-09-01 14:38:45.220 DEBUG 37840 --- [HikariPool-1 housekeeper] com.zaxxer.hikari.pool.HikariPool        : HikariPool-1 - Before cleanup stats (total=5, active=0, idle=5, waiting=0)
2024-09-01 14:38:45.220 DEBUG 37840 --- [HikariPool-1 housekeeper] com.zaxxer.hikari.pool.HikariPool        : HikariPool-1 - After cleanup  stats (total=5, active=0, idle=5, waiting=0)
2024-09-01 14:38:45.220 DEBUG 37840 --- [HikariPool-1 housekeeper] com.zaxxer.hikari.pool.HikariPool        : HikariPool-1 - Fill pool skipped, pool is at sufficient level.
2024-09-01 14:39:15.222 DEBUG 37840 --- [HikariPool-1 housekeeper] com.zaxxer.hikari.pool.HikariPool        : HikariPool-1 - Before cleanup stats (total=5, active=0, idle=5, waiting=0)
2024-09-01 14:39:15.233 DEBUG 37840 --- [HikariPool-1 housekeeper] com.zaxxer.hikari.pool.HikariPool        : HikariPool-1 - After cleanup  stats (total=5, active=0, idle=5, waiting=0)
2024-09-01 14:39:15.233 DEBUG 37840 --- [HikariPool-1 housekeeper] com.zaxxer.hikari.pool.HikariPool        : HikariPool-1 - Fill pool skipped, pool is at sufficient level.
2024-09-01 14:39:30.957 DEBUG 37840 --- [HikariPool-1 housekeeper] com.zaxxer.hikari.pool.HikariPool        : HikariPool-1 - keepalive: connection org.postgresql.jdbc.PgConnection@1301cfdc is alive
2024-09-01 14:39:45.248 DEBUG 37840 --- [HikariPool-1 housekeeper] com.zaxxer.hikari.pool.HikariPool        : HikariPool-1 - Before cleanup stats (total=5, active=0, idle=5, waiting=0)
2024-09-01 14:39:45.248 DEBUG 37840 --- [HikariPool-1 housekeeper] com.zaxxer.hikari.pool.HikariPool        : HikariPool-1 - After cleanup  stats (total=5, active=0, idle=5, waiting=0)
2024-09-01 14:39:45.248 DEBUG 37840 --- [HikariPool-1 housekeeper] com.zaxxer.hikari.pool.HikariPool        : HikariPool-1 - Fill pool skipped, pool is at sufficient level.
2024-09-01 14:40:14.421 DEBUG 37840 --- [HikariPool-1 housekeeper] com.zaxxer.hikari.pool.HikariPool        : HikariPool-1 - keepalive: connection org.postgresql.jdbc.PgConnection@2a4b68e1 is alive
2024-09-01 14:40:15.255 DEBUG 37840 --- [HikariPool-1 housekeeper] com.zaxxer.hikari.pool.HikariPool        : HikariPool-1 - Before cleanup stats (total=5, active=0, idle=5, waiting=0)
2024-09-01 14:40:15.255 DEBUG 37840 --- [HikariPool-1 housekeeper] com.zaxxer.hikari.pool.HikariPool        : HikariPool-1 - After cleanup  stats (total=5, active=0, idle=5, waiting=0)
2024-09-01 14:40:15.255 DEBUG 37840 --- [HikariPool-1 housekeeper] com.zaxxer.hikari.pool.HikariPool        : HikariPool-1 - Fill pool skipped, pool is at sufficient level.
2024-09-01 14:40:16.554 DEBUG 37840 --- [HikariPool-1 housekeeper] com.zaxxer.hikari.pool.HikariPool        : HikariPool-1 - keepalive: connection org.postgresql.jdbc.PgConnection@6b7662da is alive
2024-09-01 14:40:45.262 DEBUG 37840 --- [HikariPool-1 housekeeper] com.zaxxer.hikari.pool.HikariPool        : HikariPool-1 - Before cleanup stats (total=5, active=0, idle=5, waiting=0)
2024-09-01 14:40:45.262 DEBUG 37840 --- [HikariPool-1 housekeeper] com.zaxxer.hikari.pool.HikariPool        : HikariPool-1 - After cleanup  stats (total=5, active=0, idle=5, waiting=0)
2024-09-01 14:40:45.262 DEBUG 37840 --- [HikariPool-1 housekeeper] com.zaxxer.hikari.pool.HikariPool        : HikariPool-1 - Fill pool skipped, pool is at sufficient level.
2024-09-01 14:40:57.522 DEBUG 37840 --- [HikariPool-1 housekeeper] com.zaxxer.hikari.pool.HikariPool        : HikariPool-1 - keepalive: connection org.postgresql.jdbc.PgConnection@65b1901c is alive
2024-09-01 14:41:15.270 DEBUG 37840 --- [HikariPool-1 housekeeper] com.zaxxer.hikari.pool.HikariPool        : HikariPool-1 - Before cleanup stats (total=5, active=0, idle=5, waiting=0)
2024-09-01 14:41:15.271 DEBUG 37840 --- [HikariPool-1 housekeeper] com.zaxxer.hikari.pool.HikariPool        : HikariPool-1 - After cleanup  stats (total=5, active=0, idle=5, waiting=0)
2024-09-01 14:41:15.271 DEBUG 37840 --- [HikariPool-1 housekeeper] com.zaxxer.hikari.pool.HikariPool        : HikariPool-1 - Fill pool skipped, pool is at sufficient level.
2024-09-01 14:41:36.930 DEBUG 37840 --- [HikariPool-1 connection closer] com.zaxxer.hikari.pool.PoolBase          : HikariPool-1 - Closing connection org.postgresql.jdbc.PgConnection@6f49fb6c: (connection has passed maxLifetime)
2024-09-01 14:41:38.299 DEBUG 37840 --- [HikariPool-1 housekeeper] com.zaxxer.hikari.pool.HikariPool        : HikariPool-1 - Add connection elided, waiting 0, queue 1
2024-09-01 14:41:38.299 DEBUG 37840 --- [HikariPool-1 connection closer] com.zaxxer.hikari.pool.PoolBase          : HikariPool-1 - Closing connection org.postgresql.jdbc.PgConnection@65b1901c: (connection has passed maxLifetime)
2024-09-01 14:41:38.404 DEBUG 37840 --- [HikariPool-1 connection adder] com.zaxxer.hikari.pool.HikariPool        : HikariPool-1 - Added connection org.postgresql.jdbc.PgConnection@1f86aea1
2024-09-01 14:41:39.552 DEBUG 37840 --- [HikariPool-1 connection adder] com.zaxxer.hikari.pool.HikariPool        : HikariPool-1 - Added connection org.postgresql.jdbc.PgConnection@5ebba49a
2024-09-01 14:41:39.552 DEBUG 37840 --- [HikariPool-1 connection adder] com.zaxxer.hikari.pool.HikariPool        : HikariPool-1 - After adding stats (total=5, active=0, idle=5, waiting=0)
2024-09-01 14:41:45.280 DEBUG 37840 --- [HikariPool-1 housekeeper] com.zaxxer.hikari.pool.HikariPool        : HikariPool-1 - Before cleanup stats (total=5, active=0, idle=5, waiting=0)
2024-09-01 14:41:45.280 DEBUG 37840 --- [HikariPool-1 housekeeper] com.zaxxer.hikari.pool.HikariPool        : HikariPool-1 - After cleanup  stats (total=5, active=0, idle=5, waiting=0)
2024-09-01 14:41:45.282 DEBUG 37840 --- [HikariPool-1 housekeeper] com.zaxxer.hikari.pool.HikariPool        : HikariPool-1 - Fill pool skipped, pool is at sufficient level.
2024-09-01 14:41:49.206 DEBUG 37840 --- [HikariPool-1 connection closer] com.zaxxer.hikari.pool.PoolBase          : HikariPool-1 - Closing connection org.postgresql.jdbc.PgConnection@1301cfdc: (connection has passed maxLifetime)
2024-09-01 14:41:50.358 DEBUG 37840 --- [HikariPool-1 connection adder] com.zaxxer.hikari.pool.HikariPool        : HikariPool-1 - Added connection org.postgresql.jdbc.PgConnection@49159cbd
2024-09-01 14:42:09.327 DEBUG 37840 --- [HikariPool-1 connection closer] com.zaxxer.hikari.pool.PoolBase          : HikariPool-1 - Closing connection org.postgresql.jdbc.PgConnection@6b7662da: (connection has passed maxLifetime)
2024-09-01 14:42:10.627 DEBUG 37840 --- [HikariPool-1 connection adder] com.zaxxer.hikari.pool.HikariPool        : HikariPool-1 - Added connection org.postgresql.jdbc.PgConnection@3d4f4438
2024-09-01 14:42:15.286 DEBUG 37840 --- [HikariPool-1 housekeeper] com.zaxxer.hikari.pool.HikariPool        : HikariPool-1 - Before cleanup stats (total=5, active=0, idle=5, waiting=0)
2024-09-01 14:42:15.286 DEBUG 37840 --- [HikariPool-1 housekeeper] com.zaxxer.hikari.pool.HikariPool        : HikariPool-1 - After cleanup  stats (total=5, active=0, idle=5, waiting=0)
2024-09-01 14:42:15.286 DEBUG 37840 --- [HikariPool-1 housekeeper] com.zaxxer.hikari.pool.HikariPool        : HikariPool-1 - Fill pool skipped, pool is at sufficient level.
2024-09-01 14:42:19.232 DEBUG 37840 --- [HikariPool-1 connection closer] com.zaxxer.hikari.pool.PoolBase          : HikariPool-1 - Closing connection org.postgresql.jdbc.PgConnection@2a4b68e1: (connection has passed maxLifetime)
2024-09-01 14:42:20.388 DEBUG 37840 --- [HikariPool-1 connection adder] com.zaxxer.hikari.pool.HikariPool        : HikariPool-1 - Added connection org.postgresql.jdbc.PgConnection@12fb85f6
2024-09-01 14:42:45.299 DEBUG 37840 --- [HikariPool-1 housekeeper] com.zaxxer.hikari.pool.HikariPool        : HikariPool-1 - Before cleanup stats (total=5, active=0, idle=5, waiting=0)
2024-09-01 14:42:45.299 DEBUG 37840 --- [HikariPool-1 housekeeper] com.zaxxer.hikari.pool.HikariPool        : HikariPool-1 - After cleanup  stats (total=5, active=0, idle=5, waiting=0)
2024-09-01 14:42:45.299 DEBUG 37840 --- [HikariPool-1 housekeeper] com.zaxxer.hikari.pool.HikariPool        : HikariPool-1 - Fill pool skipped, pool is at sufficient level.
2024-09-01 14:43:15.312 DEBUG 37840 --- [HikariPool-1 housekeeper] com.zaxxer.hikari.pool.HikariPool        : HikariPool-1 - Before cleanup stats (total=5, active=0, idle=5, waiting=0)
2024-09-01 14:43:15.312 DEBUG 37840 --- [HikariPool-1 housekeeper] com.zaxxer.hikari.pool.HikariPool        : HikariPool-1 - After cleanup  stats (total=5, active=0, idle=5, waiting=0)
2024-09-01 14:43:15.312 DEBUG 37840 --- [HikariPool-1 housekeeper] com.zaxxer.hikari.pool.HikariPool        : HikariPool-1 - Fill pool skipped, pool is at sufficient level.
2024-09-01 14:43:45.326 DEBUG 37840 --- [HikariPool-1 housekeeper] com.zaxxer.hikari.pool.HikariPool        : HikariPool-1 - Before cleanup stats (total=5, active=0, idle=5, waiting=0)
2024-09-01 14:43:45.326 DEBUG 37840 --- [HikariPool-1 housekeeper] com.zaxxer.hikari.pool.HikariPool        : HikariPool-1 - After cleanup  stats (total=5, active=0, idle=5, waiting=0)
2024-09-01 14:43:45.326 DEBUG 37840 --- [HikariPool-1 housekeeper] com.zaxxer.hikari.pool.HikariPool        : HikariPool-1 - Fill pool skipped, pool is at sufficient level.
2024-09-01 14:44:15.337 DEBUG 37840 --- [HikariPool-1 housekeeper] com.zaxxer.hikari.pool.HikariPool        : HikariPool-1 - Before cleanup stats (total=5, active=0, idle=5, waiting=0)
2024-09-01 14:44:15.337 DEBUG 37840 --- [HikariPool-1 housekeeper] com.zaxxer.hikari.pool.HikariPool        : HikariPool-1 - After cleanup  stats (total=5, active=0, idle=5, waiting=0)
2024-09-01 14:44:15.337 DEBUG 37840 --- [HikariPool-1 housekeeper] com.zaxxer.hikari.pool.HikariPool        : HikariPool-1 - Fill pool skipped, pool is at sufficient level.
2024-09-01 14:44:45.339 DEBUG 37840 --- [HikariPool-1 housekeeper] com.zaxxer.hikari.pool.HikariPool        : HikariPool-1 - Before cleanup stats (total=5, active=0, idle=5, waiting=0)
2024-09-01 14:44:45.340 DEBUG 37840 --- [HikariPool-1 housekeeper] com.zaxxer.hikari.pool.HikariPool        : HikariPool-1 - After cleanup  stats (total=5, active=0, idle=5, waiting=0)
2024-09-01 14:44:45.340 DEBUG 37840 --- [HikariPool-1 housekeeper] com.zaxxer.hikari.pool.HikariPool        : HikariPool-1 - Fill pool skipped, pool is at sufficient level.
2024-09-01 14:45:15.346 DEBUG 37840 --- [HikariPool-1 housekeeper] com.zaxxer.hikari.pool.HikariPool        : HikariPool-1 - Before cleanup stats (total=5, active=0, idle=5, waiting=0)
2024-09-01 14:45:15.347 DEBUG 37840 --- [HikariPool-1 housekeeper] com.zaxxer.hikari.pool.HikariPool        : HikariPool-1 - After cleanup  stats (total=5, active=0, idle=5, waiting=0)
2024-09-01 14:45:15.348 DEBUG 37840 --- [HikariPool-1 housekeeper] com.zaxxer.hikari.pool.HikariPool        : HikariPool-1 - Fill pool skipped, pool is at sufficient level.
2024-09-01 14:45:45.355 DEBUG 37840 --- [HikariPool-1 housekeeper] com.zaxxer.hikari.pool.HikariPool        : HikariPool-1 - Before cleanup stats (total=5, active=0, idle=5, waiting=0)
2024-09-01 14:45:45.356 DEBUG 37840 --- [HikariPool-1 housekeeper] com.zaxxer.hikari.pool.HikariPool        : HikariPool-1 - After cleanup  stats (total=5, active=0, idle=5, waiting=0)
2024-09-01 14:45:45.357 DEBUG 37840 --- [HikariPool-1 housekeeper] com.zaxxer.hikari.pool.HikariPool        : HikariPool-1 - Fill pool skipped, pool is at sufficient level.
2024-09-01 14:46:15.358 DEBUG 37840 --- [HikariPool-1 housekeeper] com.zaxxer.hikari.pool.HikariPool        : HikariPool-1 - Before cleanup stats (total=5, active=0, idle=5, waiting=0)
2024-09-01 14:46:15.360 DEBUG 37840 --- [HikariPool-1 housekeeper] com.zaxxer.hikari.pool.HikariPool        : HikariPool-1 - After cleanup  stats (total=5, active=0, idle=5, waiting=0)
2024-09-01 14:46:15.360 DEBUG 37840 --- [HikariPool-1 housekeeper] com.zaxxer.hikari.pool.HikariPool        : HikariPool-1 - Fill pool skipped, pool is at sufficient level.
2024-09-01 14:46:18.497 DEBUG 37840 --- [HikariPool-1 housekeeper] com.zaxxer.hikari.pool.HikariPool        : HikariPool-1 - keepalive: connection org.postgresql.jdbc.PgConnection@1f86aea1 is alive
2024-09-01 14:46:20.797 DEBUG 37840 --- [HikariPool-1 housekeeper] com.zaxxer.hikari.pool.HikariPool        : HikariPool-1 - keepalive: connection org.postgresql.jdbc.PgConnection@5ebba49a is alive
2024-09-01 14:46:30.956  INFO 37840 --- [http-nio-8080-exec-1] o.a.c.c.C.[Tomcat].[localhost].[/]       : Initializing Spring DispatcherServlet 'dispatcherServlet'
2024-09-01 14:46:30.957  INFO 37840 --- [http-nio-8080-exec-1] o.s.web.servlet.DispatcherServlet        : Initializing Servlet 'dispatcherServlet'
2024-09-01 14:46:30.966  INFO 37840 --- [http-nio-8080-exec-1] o.s.web.servlet.DispatcherServlet        : Completed initialization in 9 ms
2024-09-01 14:46:31.189  WARN 37840 --- [http-nio-8080-exec-1] o.a.c.util.SessionIdGeneratorBase        : Creation of SecureRandom instance for session ID generation using [SHA1PRNG] took [185] milliseconds.
2024-09-01 14:46:35.570 DEBUG 37840 --- [HikariPool-1 housekeeper] com.zaxxer.hikari.pool.HikariPool        : HikariPool-1 - keepalive: connection org.postgresql.jdbc.PgConnection@49159cbd is alive
2024-09-01 14:46:44.093 DEBUG 37840 --- [http-nio-8080-exec-10] o.h.e.t.internal.TransactionImpl         : On TransactionImpl creation, JpaCompliance#isJpaTransactionComplianceEnabled == false
2024-09-01 14:46:44.094 DEBUG 37840 --- [http-nio-8080-exec-10] o.h.e.t.internal.TransactionImpl         : begin
2024-09-01 14:46:44.127 DEBUG 37840 --- [http-nio-8080-exec-10] o.h.q.c.internal.CriteriaQueryImpl       : Rendered criteria query -> select generatedAlias0 from Movimiento as generatedAlias0
2024-09-01 14:46:44.144 DEBUG 37840 --- [http-nio-8080-exec-10] o.h.h.i.QueryTranslatorFactoryInitiator  : QueryTranslatorFactory: org.hibernate.hql.internal.ast.ASTQueryTranslatorFactory@6a21646c
2024-09-01 14:46:44.164 DEBUG 37840 --- [http-nio-8080-exec-10] o.h.h.internal.ast.QueryTranslatorImpl   : parse() - HQL: select generatedAlias0 from mvc.moiso.modelos.Movimiento as generatedAlias0
2024-09-01 14:46:44.168 DEBUG 37840 --- [http-nio-8080-exec-10] o.h.hql.internal.ast.ErrorTracker        : throwQueryException() : no errors
2024-09-01 14:46:44.173 DEBUG 37840 --- [http-nio-8080-exec-10] o.h.h.internal.ast.QueryTranslatorImpl   : --- HQL AST ---
 \-[QUERY] Node: 'query'
    \-[SELECT_FROM] Node: 'SELECT_FROM'
       +-[FROM] Node: 'from'
       |  \-[RANGE] Node: 'RANGE'
       |     +-[DOT] Node: '.'
       |     |  +-[DOT] Node: '.'
       |     |  |  +-[DOT] Node: '.'
       |     |  |  |  +-[IDENT] Node: 'mvc'
       |     |  |  |  \-[IDENT] Node: 'moiso'
       |     |  |  \-[IDENT] Node: 'modelos'
       |     |  \-[IDENT] Node: 'Movimiento'
       |     \-[ALIAS] Node: 'generatedAlias0'
       \-[SELECT] Node: 'select'
          \-[IDENT] Node: 'generatedAlias0'

2024-09-01 14:46:44.186 DEBUG 37840 --- [http-nio-8080-exec-10] o.h.hql.internal.antlr.HqlSqlBaseWalker  : select << begin [level=1, statement=select]
2024-09-01 14:46:44.197 DEBUG 37840 --- [http-nio-8080-exec-10] o.h.hql.internal.ast.tree.FromElement    : FromClause{level=1} : mvc.moiso.modelos.Movimiento (generatedAlias0) -> movimiento0_
2024-09-01 14:46:44.198 DEBUG 37840 --- [http-nio-8080-exec-10] o.h.h.i.ast.tree.FromReferenceNode       : Resolved : generatedAlias0 -> movimiento0_.id
2024-09-01 14:46:44.199 DEBUG 37840 --- [http-nio-8080-exec-10] o.h.hql.internal.antlr.HqlSqlBaseWalker  : select : finishing up [level=1, statement=select]
2024-09-01 14:46:44.199 DEBUG 37840 --- [http-nio-8080-exec-10] o.h.hql.internal.ast.HqlSqlWalker        : processQuery() :  ( SELECT ( {select clause} movimiento0_.id ) ( FromClause{level=1} movimientos movimiento0_ ) )
2024-09-01 14:46:44.203 DEBUG 37840 --- [http-nio-8080-exec-10] o.h.hql.internal.ast.util.JoinProcessor  : Tables referenced from query nodes:
 \-QueryNode
    +-SelectClause
    | referencedTables(entity Movimiento): [movimientos]
    |  +-IdentNode
    |  | persister: SingleTableEntityPersister(mvc.moiso.modelos.Movimiento)
    |  | originalText: generatedAlias0
    |  \-SqlFragment
    \-FromClause
       \-FromElement

2024-09-01 14:46:44.205 DEBUG 37840 --- [http-nio-8080-exec-10] o.h.hql.internal.ast.util.JoinProcessor  : Using FROM fragment [movimientos movimiento0_]
2024-09-01 14:46:44.205 DEBUG 37840 --- [http-nio-8080-exec-10] o.h.hql.internal.antlr.HqlSqlBaseWalker  : select >> end [level=1, statement=select]
2024-09-01 14:46:44.205 DEBUG 37840 --- [http-nio-8080-exec-10] o.h.h.internal.ast.QueryTranslatorImpl   : --- SQL AST ---
 \-[SELECT] QueryNode: 'SELECT'  querySpaces (movimientos)
    +-[SELECT_CLAUSE] SelectClause: '{select clause}'
    |  +-[ALIAS_REF] IdentNode: 'movimiento0_.id as id1_2_' {alias=generatedAlias0, className=mvc.moiso.modelos.Movimiento, tableAlias=movimiento0_}
    |  \-[SQL_TOKEN] SqlFragment: 'movimiento0_.concepto as concepto2_2_, movimiento0_.fecha as fecha3_2_, movimiento0_.monto as monto4_2_, movimiento0_.empleado_id as empleado5_2_'
    \-[FROM] FromClause: 'from' FromClause{level=1, fromElementCounter=1, fromElements=1, fromElementByClassAlias=[generatedAlias0], fromElementByTableAlias=[movimiento0_], fromElementsByPath=[], collectionJoinFromElementsByPath=[], impliedElements=[]}
       \-[FROM_FRAGMENT] FromElement: 'movimientos movimiento0_' FromElement{explicit,not a collection join,not a fetch join,fetch non-lazy properties,classAlias=generatedAlias0,role=null,tableName=movimientos,tableAlias=movimiento0_,origin=null,columns={,className=mvc.moiso.modelos.Movimiento}}

2024-09-01 14:46:44.205 DEBUG 37840 --- [http-nio-8080-exec-10] o.h.hql.internal.ast.ErrorTracker        : throwQueryException() : no errors
2024-09-01 14:46:44.208 DEBUG 37840 --- [http-nio-8080-exec-10] o.h.h.internal.ast.QueryTranslatorImpl   : HQL: select generatedAlias0 from mvc.moiso.modelos.Movimiento as generatedAlias0
2024-09-01 14:46:44.209 DEBUG 37840 --- [http-nio-8080-exec-10] o.h.h.internal.ast.QueryTranslatorImpl   : SQL: select movimiento0_.id as id1_2_, movimiento0_.concepto as concepto2_2_, movimiento0_.fecha as fecha3_2_, movimiento0_.monto as monto4_2_, movimiento0_.empleado_id as empleado5_2_ from movimientos movimiento0_
2024-09-01 14:46:44.209 DEBUG 37840 --- [http-nio-8080-exec-10] o.h.hql.internal.ast.ErrorTracker        : throwQueryException() : no errors
2024-09-01 14:46:44.222 DEBUG 37840 --- [http-nio-8080-exec-10] org.hibernate.SQL                        : select movimiento0_.id as id1_2_, movimiento0_.concepto as concepto2_2_, movimiento0_.fecha as fecha3_2_, movimiento0_.monto as monto4_2_, movimiento0_.empleado_id as empleado5_2_ from movimientos movimiento0_ limit ? offset ?
2024-09-01 14:46:44.354 DEBUG 37840 --- [http-nio-8080-exec-10] o.h.q.c.internal.CriteriaQueryImpl       : Rendered criteria query -> select count(generatedAlias0) from Movimiento as generatedAlias0
2024-09-01 14:46:44.354 DEBUG 37840 --- [http-nio-8080-exec-10] o.h.h.internal.ast.QueryTranslatorImpl   : parse() - HQL: select count(generatedAlias0) from mvc.moiso.modelos.Movimiento as generatedAlias0
2024-09-01 14:46:44.354 DEBUG 37840 --- [http-nio-8080-exec-10] o.h.hql.internal.ast.ErrorTracker        : throwQueryException() : no errors
2024-09-01 14:46:44.355 DEBUG 37840 --- [http-nio-8080-exec-10] o.h.h.internal.ast.QueryTranslatorImpl   : --- HQL AST ---
 \-[QUERY] Node: 'query'
    \-[SELECT_FROM] Node: 'SELECT_FROM'
       +-[FROM] Node: 'from'
       |  \-[RANGE] Node: 'RANGE'
       |     +-[DOT] Node: '.'
       |     |  +-[DOT] Node: '.'
       |     |  |  +-[DOT] Node: '.'
       |     |  |  |  +-[IDENT] Node: 'mvc'
       |     |  |  |  \-[IDENT] Node: 'moiso'
       |     |  |  \-[IDENT] Node: 'modelos'
       |     |  \-[IDENT] Node: 'Movimiento'
       |     \-[ALIAS] Node: 'generatedAlias0'
       \-[SELECT] Node: 'select'
          \-[COUNT] Node: 'count'
             \-[IDENT] Node: 'generatedAlias0'

2024-09-01 14:46:44.355 DEBUG 37840 --- [http-nio-8080-exec-10] o.h.hql.internal.antlr.HqlSqlBaseWalker  : select << begin [level=1, statement=select]
2024-09-01 14:46:44.355 DEBUG 37840 --- [http-nio-8080-exec-10] o.h.hql.internal.ast.tree.FromElement    : FromClause{level=1} : mvc.moiso.modelos.Movimiento (generatedAlias0) -> movimiento0_
2024-09-01 14:46:44.356 DEBUG 37840 --- [http-nio-8080-exec-10] o.h.h.i.ast.tree.FromReferenceNode       : Resolved : generatedAlias0 -> movimiento0_.id
2024-09-01 14:46:44.356 DEBUG 37840 --- [http-nio-8080-exec-10] o.h.hql.internal.antlr.HqlSqlBaseWalker  : select : finishing up [level=1, statement=select]
2024-09-01 14:46:44.356 DEBUG 37840 --- [http-nio-8080-exec-10] o.h.hql.internal.ast.HqlSqlWalker        : processQuery() :  ( SELECT ( {select clause} ( count movimiento0_.id ) ) ( FromClause{level=1} movimientos movimiento0_ ) )
2024-09-01 14:46:44.356 DEBUG 37840 --- [http-nio-8080-exec-10] o.h.hql.internal.ast.util.JoinProcessor  : Tables referenced from query nodes:
 \-QueryNode
    +-SelectClause
    |  +-CountNode
    |  |  \-IdentNode
    |  |    persister: SingleTableEntityPersister(mvc.moiso.modelos.Movimiento)
    |  |    originalText: generatedAlias0
    |  \-SqlNode
    \-FromClause
       \-FromElement

2024-09-01 14:46:44.356 DEBUG 37840 --- [http-nio-8080-exec-10] o.h.hql.internal.ast.util.JoinProcessor  : Using FROM fragment [movimientos movimiento0_]
2024-09-01 14:46:44.358 DEBUG 37840 --- [http-nio-8080-exec-10] o.h.hql.internal.antlr.HqlSqlBaseWalker  : select >> end [level=1, statement=select]
2024-09-01 14:46:44.358 DEBUG 37840 --- [http-nio-8080-exec-10] o.h.h.internal.ast.QueryTranslatorImpl   : --- SQL AST ---
 \-[SELECT] QueryNode: 'SELECT'  querySpaces (movimientos)
    +-[SELECT_CLAUSE] SelectClause: '{select clause}'
    |  +-[COUNT] CountNode: 'count'
    |  |  \-[ALIAS_REF] IdentNode: 'movimiento0_.id' {alias=generatedAlias0, className=mvc.moiso.modelos.Movimiento, tableAlias=movimiento0_}
    |  \-[SELECT_COLUMNS] SqlNode: ' as col_0_0_'
    \-[FROM] FromClause: 'from' FromClause{level=1, fromElementCounter=1, fromElements=1, fromElementByClassAlias=[generatedAlias0], fromElementByTableAlias=[movimiento0_], fromElementsByPath=[], collectionJoinFromElementsByPath=[], impliedElements=[]}
       \-[FROM_FRAGMENT] FromElement: 'movimientos movimiento0_' FromElement{explicit,not a collection join,not a fetch join,fetch non-lazy properties,classAlias=generatedAlias0,role=null,tableName=movimientos,tableAlias=movimiento0_,origin=null,columns={,className=mvc.moiso.modelos.Movimiento}}

2024-09-01 14:46:44.358 DEBUG 37840 --- [http-nio-8080-exec-10] o.h.hql.internal.ast.ErrorTracker        : throwQueryException() : no errors
2024-09-01 14:46:44.358 DEBUG 37840 --- [http-nio-8080-exec-10] o.h.h.internal.ast.QueryTranslatorImpl   : HQL: select count(generatedAlias0) from mvc.moiso.modelos.Movimiento as generatedAlias0
2024-09-01 14:46:44.358 DEBUG 37840 --- [http-nio-8080-exec-10] o.h.h.internal.ast.QueryTranslatorImpl   : SQL: select count(movimiento0_.id) as col_0_0_ from movimientos movimiento0_
2024-09-01 14:46:44.358 DEBUG 37840 --- [http-nio-8080-exec-10] o.h.hql.internal.ast.ErrorTracker        : throwQueryException() : no errors
2024-09-01 14:46:44.358 DEBUG 37840 --- [http-nio-8080-exec-10] org.hibernate.SQL                        : select count(movimiento0_.id) as col_0_0_ from movimientos movimiento0_
2024-09-01 14:46:44.473 DEBUG 37840 --- [http-nio-8080-exec-10] org.hibernate.loader.Loader              : Result set row: 0
2024-09-01 14:46:44.474 DEBUG 37840 --- [http-nio-8080-exec-10] org.hibernate.loader.Loader              : Result row: 
2024-09-01 14:46:44.478 TRACE 37840 --- [http-nio-8080-exec-10] o.h.type.descriptor.sql.BasicExtractor   : extracted value ([col_0_0_] : [BIGINT]) - [4]
2024-09-01 14:46:44.479 DEBUG 37840 --- [http-nio-8080-exec-10] o.h.e.t.internal.TransactionImpl         : committing
2024-09-01 14:46:44.626 DEBUG 37840 --- [http-nio-8080-exec-10] org.hibernate.SQL                        : SELECT SUM(monto) from movimientos
2024-09-01 14:46:44.751 DEBUG 37840 --- [http-nio-8080-exec-10] org.hibernate.loader.Loader              : Result set row: 0
2024-09-01 14:46:44.751 DEBUG 37840 --- [http-nio-8080-exec-10] org.hibernate.loader.Loader              : Result row: 
2024-09-01 14:46:44.752 TRACE 37840 --- [http-nio-8080-exec-10] o.h.type.descriptor.sql.BasicExtractor   : extracted value ([sum] : [NUMERIC]) - [1881000]
2024-09-01 14:46:45.374 DEBUG 37840 --- [HikariPool-1 housekeeper] com.zaxxer.hikari.pool.HikariPool        : HikariPool-1 - Before cleanup stats (total=5, active=0, idle=5, waiting=0)
2024-09-01 14:46:45.375 DEBUG 37840 --- [HikariPool-1 housekeeper] com.zaxxer.hikari.pool.HikariPool        : HikariPool-1 - After cleanup  stats (total=5, active=0, idle=5, waiting=0)
2024-09-01 14:46:45.376 DEBUG 37840 --- [HikariPool-1 housekeeper] com.zaxxer.hikari.pool.HikariPool        : HikariPool-1 - Fill pool skipped, pool is at sufficient level.
2024-09-01 14:46:51.943 DEBUG 37840 --- [http-nio-8080-exec-7] o.h.e.t.internal.TransactionImpl         : On TransactionImpl creation, JpaCompliance#isJpaTransactionComplianceEnabled == false
2024-09-01 14:46:51.943 DEBUG 37840 --- [http-nio-8080-exec-7] o.h.e.t.internal.TransactionImpl         : begin
2024-09-01 14:46:51.944 DEBUG 37840 --- [http-nio-8080-exec-7] o.h.q.c.internal.CriteriaQueryImpl       : Rendered criteria query -> select generatedAlias0 from Movimiento as generatedAlias0
2024-09-01 14:46:51.944 DEBUG 37840 --- [http-nio-8080-exec-7] org.hibernate.SQL                        : select movimiento0_.id as id1_2_, movimiento0_.concepto as concepto2_2_, movimiento0_.fecha as fecha3_2_, movimiento0_.monto as monto4_2_, movimiento0_.empleado_id as empleado5_2_ from movimientos movimiento0_ limit ?
2024-09-01 14:46:52.061 DEBUG 37840 --- [http-nio-8080-exec-7] org.hibernate.loader.Loader              : Result set row: 0
2024-09-01 14:46:52.062 TRACE 37840 --- [http-nio-8080-exec-7] o.h.type.descriptor.sql.BasicExtractor   : extracted value ([id1_2_] : [INTEGER]) - [16]
2024-09-01 14:46:52.070 DEBUG 37840 --- [http-nio-8080-exec-7] org.hibernate.loader.Loader              : Result row: EntityKey[mvc.moiso.modelos.Movimiento#16]
2024-09-01 14:46:52.078 TRACE 37840 --- [http-nio-8080-exec-7] o.h.type.descriptor.sql.BasicExtractor   : extracted value ([concepto2_2_] : [VARCHAR]) - [8]
2024-09-01 14:46:52.081 TRACE 37840 --- [http-nio-8080-exec-7] o.h.type.descriptor.sql.BasicExtractor   : extracted value ([fecha3_2_] : [TIMESTAMP]) - [2024-04-07 00:00:00.0]
2024-09-01 14:46:52.081 TRACE 37840 --- [http-nio-8080-exec-7] o.h.type.descriptor.sql.BasicExtractor   : extracted value ([monto4_2_] : [BIGINT]) - [899000]
2024-09-01 14:46:52.081 TRACE 37840 --- [http-nio-8080-exec-7] o.h.type.descriptor.sql.BasicExtractor   : extracted value ([empleado5_2_] : [INTEGER]) - [2]
2024-09-01 14:46:52.082 DEBUG 37840 --- [http-nio-8080-exec-7] org.hibernate.loader.Loader              : Result set row: 1
2024-09-01 14:46:52.083 TRACE 37840 --- [http-nio-8080-exec-7] o.h.type.descriptor.sql.BasicExtractor   : extracted value ([id1_2_] : [INTEGER]) - [19]
2024-09-01 14:46:52.083 DEBUG 37840 --- [http-nio-8080-exec-7] org.hibernate.loader.Loader              : Result row: EntityKey[mvc.moiso.modelos.Movimiento#19]
2024-09-01 14:46:52.083 TRACE 37840 --- [http-nio-8080-exec-7] o.h.type.descriptor.sql.BasicExtractor   : extracted value ([concepto2_2_] : [VARCHAR]) - [5]
2024-09-01 14:46:52.083 TRACE 37840 --- [http-nio-8080-exec-7] o.h.type.descriptor.sql.BasicExtractor   : extracted value ([fecha3_2_] : [TIMESTAMP]) - [2024-04-20 00:00:00.0]
2024-09-01 14:46:52.083 TRACE 37840 --- [http-nio-8080-exec-7] o.h.type.descriptor.sql.BasicExtractor   : extracted value ([monto4_2_] : [BIGINT]) - [500000]
2024-09-01 14:46:52.083 TRACE 37840 --- [http-nio-8080-exec-7] o.h.type.descriptor.sql.BasicExtractor   : extracted value ([empleado5_2_] : [INTEGER]) - [2]
2024-09-01 14:46:52.083 DEBUG 37840 --- [http-nio-8080-exec-7] org.hibernate.loader.Loader              : Result set row: 2
2024-09-01 14:46:52.083 TRACE 37840 --- [http-nio-8080-exec-7] o.h.type.descriptor.sql.BasicExtractor   : extracted value ([id1_2_] : [INTEGER]) - [25]
2024-09-01 14:46:52.083 DEBUG 37840 --- [http-nio-8080-exec-7] org.hibernate.loader.Loader              : Result row: EntityKey[mvc.moiso.modelos.Movimiento#25]
2024-09-01 14:46:52.083 TRACE 37840 --- [http-nio-8080-exec-7] o.h.type.descriptor.sql.BasicExtractor   : extracted value ([concepto2_2_] : [VARCHAR]) - [1]
2024-09-01 14:46:52.083 TRACE 37840 --- [http-nio-8080-exec-7] o.h.type.descriptor.sql.BasicExtractor   : extracted value ([fecha3_2_] : [TIMESTAMP]) - [2024-06-22 00:00:00.0]
2024-09-01 14:46:52.084 TRACE 37840 --- [http-nio-8080-exec-7] o.h.type.descriptor.sql.BasicExtractor   : extracted value ([monto4_2_] : [BIGINT]) - [2000]
2024-09-01 14:46:52.084 TRACE 37840 --- [http-nio-8080-exec-7] o.h.type.descriptor.sql.BasicExtractor   : extracted value ([empleado5_2_] : [INTEGER]) - [2]
2024-09-01 14:46:52.084 DEBUG 37840 --- [http-nio-8080-exec-7] org.hibernate.loader.Loader              : Result set row: 3
2024-09-01 14:46:52.084 TRACE 37840 --- [http-nio-8080-exec-7] o.h.type.descriptor.sql.BasicExtractor   : extracted value ([id1_2_] : [INTEGER]) - [27]
2024-09-01 14:46:52.084 DEBUG 37840 --- [http-nio-8080-exec-7] org.hibernate.loader.Loader              : Result row: EntityKey[mvc.moiso.modelos.Movimiento#27]
2024-09-01 14:46:52.084 TRACE 37840 --- [http-nio-8080-exec-7] o.h.type.descriptor.sql.BasicExtractor   : extracted value ([concepto2_2_] : [VARCHAR]) - [5]
2024-09-01 14:46:52.084 TRACE 37840 --- [http-nio-8080-exec-7] o.h.type.descriptor.sql.BasicExtractor   : extracted value ([fecha3_2_] : [TIMESTAMP]) - [2024-07-28 00:00:00.0]
2024-09-01 14:46:52.084 TRACE 37840 --- [http-nio-8080-exec-7] o.h.type.descriptor.sql.BasicExtractor   : extracted value ([monto4_2_] : [BIGINT]) - [480000]
2024-09-01 14:46:52.084 TRACE 37840 --- [http-nio-8080-exec-7] o.h.type.descriptor.sql.BasicExtractor   : extracted value ([empleado5_2_] : [INTEGER]) - [2]
2024-09-01 14:46:52.085 DEBUG 37840 --- [http-nio-8080-exec-7] o.h.engine.internal.TwoPhaseLoad         : Resolving attributes for [mvc.moiso.modelos.Movimiento#16]
2024-09-01 14:46:52.085 DEBUG 37840 --- [http-nio-8080-exec-7] o.h.engine.internal.TwoPhaseLoad         : Processing attribute `concepto` : value = 8
2024-09-01 14:46:52.086 DEBUG 37840 --- [http-nio-8080-exec-7] o.h.engine.internal.TwoPhaseLoad         : Attribute (`concepto`)  - enhanced for lazy-loading? - false
2024-09-01 14:46:52.086 DEBUG 37840 --- [http-nio-8080-exec-7] o.h.engine.internal.TwoPhaseLoad         : Processing attribute `fecha` : value = 2024-04-07 00:00:00.0
2024-09-01 14:46:52.086 DEBUG 37840 --- [http-nio-8080-exec-7] o.h.engine.internal.TwoPhaseLoad         : Attribute (`fecha`)  - enhanced for lazy-loading? - false
2024-09-01 14:46:52.086 DEBUG 37840 --- [http-nio-8080-exec-7] o.h.engine.internal.TwoPhaseLoad         : Processing attribute `monto` : value = 899000
2024-09-01 14:46:52.086 DEBUG 37840 --- [http-nio-8080-exec-7] o.h.engine.internal.TwoPhaseLoad         : Attribute (`monto`)  - enhanced for lazy-loading? - false
2024-09-01 14:46:52.086 DEBUG 37840 --- [http-nio-8080-exec-7] o.h.engine.internal.TwoPhaseLoad         : Processing attribute `usuario` : value = 2
2024-09-01 14:46:52.086 DEBUG 37840 --- [http-nio-8080-exec-7] o.h.engine.internal.TwoPhaseLoad         : Attribute (`usuario`)  - enhanced for lazy-loading? - false
2024-09-01 14:46:52.088 DEBUG 37840 --- [http-nio-8080-exec-7] org.hibernate.SQL                        : select empleado0_.id as id1_0_0_, empleado0_.correo as correo2_0_0_, empleado0_.empresa_id as empresa_7_0_0_, empleado0_.estado as estado3_0_0_, empleado0_.nombre as nombre4_0_0_, empleado0_.password as password5_0_0_, empleado0_.rol as rol6_0_0_, empresa1_.id as id1_1_1_, empresa1_.nit as nit2_1_1_, empresa1_.direccion as direccio3_1_1_, empresa1_.nombre as nombre4_1_1_, empresa1_.telefono as telefono5_1_1_ from empleados empleado0_ left outer join empresa empresa1_ on empleado0_.empresa_id=empresa1_.id where empleado0_.id=?
2024-09-01 14:46:52.089 TRACE 37840 --- [http-nio-8080-exec-7] o.h.type.descriptor.sql.BasicBinder      : binding parameter [1] as [INTEGER] - [2]
2024-09-01 14:46:52.222 TRACE 37840 --- [http-nio-8080-exec-7] o.h.type.descriptor.sql.BasicExtractor   : extracted value ([id1_1_1_] : [INTEGER]) - [4]
2024-09-01 14:46:52.222 DEBUG 37840 --- [http-nio-8080-exec-7] l.p.e.p.i.EntityReferenceInitializerImpl : On call to EntityIdentifierReaderImpl#resolve, EntityKey was already known; should only happen on root returns with an optional identifier specified
2024-09-01 14:46:52.222 TRACE 37840 --- [http-nio-8080-exec-7] o.h.type.descriptor.sql.BasicExtractor   : extracted value ([correo2_0_0_] : [VARCHAR]) - [mcastro@talana.com]
2024-09-01 14:46:52.222 TRACE 37840 --- [http-nio-8080-exec-7] o.h.type.descriptor.sql.BasicExtractor   : extracted value ([empresa_7_0_0_] : [INTEGER]) - [4]
2024-09-01 14:46:52.223 TRACE 37840 --- [http-nio-8080-exec-7] o.h.type.descriptor.sql.BasicExtractor   : extracted value ([estado3_0_0_] : [BOOLEAN]) - [true]
2024-09-01 14:46:52.223 TRACE 37840 --- [http-nio-8080-exec-7] o.h.type.descriptor.sql.BasicExtractor   : extracted value ([nombre4_0_0_] : [VARCHAR]) - [David Castro]
2024-09-01 14:46:52.223 TRACE 37840 --- [http-nio-8080-exec-7] o.h.type.descriptor.sql.BasicExtractor   : extracted value ([password5_0_0_] : [VARCHAR]) - [$2a$10$xRMJJFfsrkS5iLx2CziXS.6oyGf23Mvy2KWWDDGG2ZUYaxWtnJsfi]
2024-09-01 14:46:52.223 TRACE 37840 --- [http-nio-8080-exec-7] o.h.type.descriptor.sql.BasicExtractor   : extracted value ([rol6_0_0_] : [VARCHAR]) - [ROLE_ADMIN]
2024-09-01 14:46:52.223 TRACE 37840 --- [http-nio-8080-exec-7] o.h.type.descriptor.sql.BasicExtractor   : extracted value ([nit2_1_1_] : [VARCHAR]) - [789-56]
2024-09-01 14:46:52.223 TRACE 37840 --- [http-nio-8080-exec-7] o.h.type.descriptor.sql.BasicExtractor   : extracted value ([direccio3_1_1_] : [VARCHAR]) - [Chile ]
2024-09-01 14:46:52.223 TRACE 37840 --- [http-nio-8080-exec-7] o.h.type.descriptor.sql.BasicExtractor   : extracted value ([nombre4_1_1_] : [VARCHAR]) - [Talana ]
2024-09-01 14:46:52.223 TRACE 37840 --- [http-nio-8080-exec-7] o.h.type.descriptor.sql.BasicExtractor   : extracted value ([telefono5_1_1_] : [VARCHAR]) - [0000000]
2024-09-01 14:46:52.223 DEBUG 37840 --- [http-nio-8080-exec-7] o.h.engine.internal.TwoPhaseLoad         : Resolving attributes for [mvc.moiso.modelos.Empleado#2]
2024-09-01 14:46:52.223 DEBUG 37840 --- [http-nio-8080-exec-7] o.h.engine.internal.TwoPhaseLoad         : Processing attribute `correo` : value = mcastro@talana.com
2024-09-01 14:46:52.223 DEBUG 37840 --- [http-nio-8080-exec-7] o.h.engine.internal.TwoPhaseLoad         : Attribute (`correo`)  - enhanced for lazy-loading? - false
2024-09-01 14:46:52.223 DEBUG 37840 --- [http-nio-8080-exec-7] o.h.engine.internal.TwoPhaseLoad         : Processing attribute `empresa` : value = 4
2024-09-01 14:46:52.223 DEBUG 37840 --- [http-nio-8080-exec-7] o.h.engine.internal.TwoPhaseLoad         : Attribute (`empresa`)  - enhanced for lazy-loading? - false
2024-09-01 14:46:52.223 DEBUG 37840 --- [http-nio-8080-exec-7] o.h.engine.internal.TwoPhaseLoad         : Processing attribute `estado` : value = true
2024-09-01 14:46:52.224 DEBUG 37840 --- [http-nio-8080-exec-7] o.h.engine.internal.TwoPhaseLoad         : Attribute (`estado`)  - enhanced for lazy-loading? - false
2024-09-01 14:46:52.224 DEBUG 37840 --- [http-nio-8080-exec-7] o.h.engine.internal.TwoPhaseLoad         : Processing attribute `nombre` : value = David Castro
2024-09-01 14:46:52.224 DEBUG 37840 --- [http-nio-8080-exec-7] o.h.engine.internal.TwoPhaseLoad         : Attribute (`nombre`)  - enhanced for lazy-loading? - false
2024-09-01 14:46:52.224 DEBUG 37840 --- [http-nio-8080-exec-7] o.h.engine.internal.TwoPhaseLoad         : Processing attribute `password` : value = $2a$10$xRMJJFfsrkS5iLx2CziXS.6oyGf23Mvy2KWWDDGG2ZUYaxWtnJsfi
2024-09-01 14:46:52.224 DEBUG 37840 --- [http-nio-8080-exec-7] o.h.engine.internal.TwoPhaseLoad         : Attribute (`password`)  - enhanced for lazy-loading? - false
2024-09-01 14:46:52.224 DEBUG 37840 --- [http-nio-8080-exec-7] o.h.engine.internal.TwoPhaseLoad         : Processing attribute `rol` : value = ROLE_ADMIN
2024-09-01 14:46:52.224 DEBUG 37840 --- [http-nio-8080-exec-7] o.h.engine.internal.TwoPhaseLoad         : Attribute (`rol`)  - enhanced for lazy-loading? - false
2024-09-01 14:46:52.224 DEBUG 37840 --- [http-nio-8080-exec-7] o.h.engine.internal.TwoPhaseLoad         : Done materializing entity [mvc.moiso.modelos.Empleado#2]
2024-09-01 14:46:52.224 DEBUG 37840 --- [http-nio-8080-exec-7] o.h.engine.internal.TwoPhaseLoad         : Resolving attributes for [mvc.moiso.modelos.Empresa#4]
2024-09-01 14:46:52.225 DEBUG 37840 --- [http-nio-8080-exec-7] o.h.engine.internal.TwoPhaseLoad         : Processing attribute `NIT` : value = 789-56
2024-09-01 14:46:52.225 DEBUG 37840 --- [http-nio-8080-exec-7] o.h.engine.internal.TwoPhaseLoad         : Attribute (`NIT`)  - enhanced for lazy-loading? - false
2024-09-01 14:46:52.225 DEBUG 37840 --- [http-nio-8080-exec-7] o.h.engine.internal.TwoPhaseLoad         : Processing attribute `direccion` : value = Chile 
2024-09-01 14:46:52.225 DEBUG 37840 --- [http-nio-8080-exec-7] o.h.engine.internal.TwoPhaseLoad         : Attribute (`direccion`)  - enhanced for lazy-loading? - false
2024-09-01 14:46:52.225 DEBUG 37840 --- [http-nio-8080-exec-7] o.h.engine.internal.TwoPhaseLoad         : Processing attribute `nombre` : value = Talana 
2024-09-01 14:46:52.225 DEBUG 37840 --- [http-nio-8080-exec-7] o.h.engine.internal.TwoPhaseLoad         : Attribute (`nombre`)  - enhanced for lazy-loading? - false
2024-09-01 14:46:52.225 DEBUG 37840 --- [http-nio-8080-exec-7] o.h.engine.internal.TwoPhaseLoad         : Processing attribute `telefono` : value = 0000000
2024-09-01 14:46:52.225 DEBUG 37840 --- [http-nio-8080-exec-7] o.h.engine.internal.TwoPhaseLoad         : Attribute (`telefono`)  - enhanced for lazy-loading? - false
2024-09-01 14:46:52.225 DEBUG 37840 --- [http-nio-8080-exec-7] o.h.engine.internal.TwoPhaseLoad         : Done materializing entity [mvc.moiso.modelos.Empresa#4]
2024-09-01 14:46:52.225 DEBUG 37840 --- [http-nio-8080-exec-7] .l.e.p.AbstractLoadPlanBasedEntityLoader : Done entity load : mvc.moiso.modelos.Empleado#2
2024-09-01 14:46:52.226 DEBUG 37840 --- [http-nio-8080-exec-7] o.h.engine.internal.TwoPhaseLoad         : Done materializing entity [mvc.moiso.modelos.Movimiento#16]
2024-09-01 14:46:52.226 DEBUG 37840 --- [http-nio-8080-exec-7] o.h.engine.internal.TwoPhaseLoad         : Resolving attributes for [mvc.moiso.modelos.Movimiento#19]
2024-09-01 14:46:52.226 DEBUG 37840 --- [http-nio-8080-exec-7] o.h.engine.internal.TwoPhaseLoad         : Processing attribute `concepto` : value = 5
2024-09-01 14:46:52.226 DEBUG 37840 --- [http-nio-8080-exec-7] o.h.engine.internal.TwoPhaseLoad         : Attribute (`concepto`)  - enhanced for lazy-loading? - false
2024-09-01 14:46:52.226 DEBUG 37840 --- [http-nio-8080-exec-7] o.h.engine.internal.TwoPhaseLoad         : Processing attribute `fecha` : value = 2024-04-20 00:00:00.0
2024-09-01 14:46:52.226 DEBUG 37840 --- [http-nio-8080-exec-7] o.h.engine.internal.TwoPhaseLoad         : Attribute (`fecha`)  - enhanced for lazy-loading? - false
2024-09-01 14:46:52.226 DEBUG 37840 --- [http-nio-8080-exec-7] o.h.engine.internal.TwoPhaseLoad         : Processing attribute `monto` : value = 500000
2024-09-01 14:46:52.226 DEBUG 37840 --- [http-nio-8080-exec-7] o.h.engine.internal.TwoPhaseLoad         : Attribute (`monto`)  - enhanced for lazy-loading? - false
2024-09-01 14:46:52.226 DEBUG 37840 --- [http-nio-8080-exec-7] o.h.engine.internal.TwoPhaseLoad         : Processing attribute `usuario` : value = 2
2024-09-01 14:46:52.226 DEBUG 37840 --- [http-nio-8080-exec-7] o.h.engine.internal.TwoPhaseLoad         : Attribute (`usuario`)  - enhanced for lazy-loading? - false
2024-09-01 14:46:52.226 DEBUG 37840 --- [http-nio-8080-exec-7] o.h.engine.internal.TwoPhaseLoad         : Done materializing entity [mvc.moiso.modelos.Movimiento#19]
2024-09-01 14:46:52.226 DEBUG 37840 --- [http-nio-8080-exec-7] o.h.engine.internal.TwoPhaseLoad         : Resolving attributes for [mvc.moiso.modelos.Movimiento#25]
2024-09-01 14:46:52.226 DEBUG 37840 --- [http-nio-8080-exec-7] o.h.engine.internal.TwoPhaseLoad         : Processing attribute `concepto` : value = 1
2024-09-01 14:46:52.226 DEBUG 37840 --- [http-nio-8080-exec-7] o.h.engine.internal.TwoPhaseLoad         : Attribute (`concepto`)  - enhanced for lazy-loading? - false
2024-09-01 14:46:52.226 DEBUG 37840 --- [http-nio-8080-exec-7] o.h.engine.internal.TwoPhaseLoad         : Processing attribute `fecha` : value = 2024-06-22 00:00:00.0
2024-09-01 14:46:52.226 DEBUG 37840 --- [http-nio-8080-exec-7] o.h.engine.internal.TwoPhaseLoad         : Attribute (`fecha`)  - enhanced for lazy-loading? - false
2024-09-01 14:46:52.226 DEBUG 37840 --- [http-nio-8080-exec-7] o.h.engine.internal.TwoPhaseLoad         : Processing attribute `monto` : value = 2000
2024-09-01 14:46:52.226 DEBUG 37840 --- [http-nio-8080-exec-7] o.h.engine.internal.TwoPhaseLoad         : Attribute (`monto`)  - enhanced for lazy-loading? - false
2024-09-01 14:46:52.226 DEBUG 37840 --- [http-nio-8080-exec-7] o.h.engine.internal.TwoPhaseLoad         : Processing attribute `usuario` : value = 2
2024-09-01 14:46:52.226 DEBUG 37840 --- [http-nio-8080-exec-7] o.h.engine.internal.TwoPhaseLoad         : Attribute (`usuario`)  - enhanced for lazy-loading? - false
2024-09-01 14:46:52.226 DEBUG 37840 --- [http-nio-8080-exec-7] o.h.engine.internal.TwoPhaseLoad         : Done materializing entity [mvc.moiso.modelos.Movimiento#25]
2024-09-01 14:46:52.226 DEBUG 37840 --- [http-nio-8080-exec-7] o.h.engine.internal.TwoPhaseLoad         : Resolving attributes for [mvc.moiso.modelos.Movimiento#27]
2024-09-01 14:46:52.226 DEBUG 37840 --- [http-nio-8080-exec-7] o.h.engine.internal.TwoPhaseLoad         : Processing attribute `concepto` : value = 5
2024-09-01 14:46:52.226 DEBUG 37840 --- [http-nio-8080-exec-7] o.h.engine.internal.TwoPhaseLoad         : Attribute (`concepto`)  - enhanced for lazy-loading? - false
2024-09-01 14:46:52.226 DEBUG 37840 --- [http-nio-8080-exec-7] o.h.engine.internal.TwoPhaseLoad         : Processing attribute `fecha` : value = 2024-07-28 00:00:00.0
2024-09-01 14:46:52.226 DEBUG 37840 --- [http-nio-8080-exec-7] o.h.engine.internal.TwoPhaseLoad         : Attribute (`fecha`)  - enhanced for lazy-loading? - false
2024-09-01 14:46:52.226 DEBUG 37840 --- [http-nio-8080-exec-7] o.h.engine.internal.TwoPhaseLoad         : Processing attribute `monto` : value = 480000
2024-09-01 14:46:52.226 DEBUG 37840 --- [http-nio-8080-exec-7] o.h.engine.internal.TwoPhaseLoad         : Attribute (`monto`)  - enhanced for lazy-loading? - false
2024-09-01 14:46:52.226 DEBUG 37840 --- [http-nio-8080-exec-7] o.h.engine.internal.TwoPhaseLoad         : Processing attribute `usuario` : value = 2
2024-09-01 14:46:52.226 DEBUG 37840 --- [http-nio-8080-exec-7] o.h.engine.internal.TwoPhaseLoad         : Attribute (`usuario`)  - enhanced for lazy-loading? - false
2024-09-01 14:46:52.226 DEBUG 37840 --- [http-nio-8080-exec-7] o.h.engine.internal.TwoPhaseLoad         : Done materializing entity [mvc.moiso.modelos.Movimiento#27]
2024-09-01 14:46:52.227 DEBUG 37840 --- [http-nio-8080-exec-7] o.h.e.t.internal.TransactionImpl         : committing
2024-09-01 14:46:52.342 DEBUG 37840 --- [http-nio-8080-exec-7] org.hibernate.SQL                        : SELECT SUM(monto) from movimientos
2024-09-01 14:46:52.459 DEBUG 37840 --- [http-nio-8080-exec-7] org.hibernate.loader.Loader              : Result set row: 0
2024-09-01 14:46:52.460 DEBUG 37840 --- [http-nio-8080-exec-7] org.hibernate.loader.Loader              : Result row: 
2024-09-01 14:46:52.460 TRACE 37840 --- [http-nio-8080-exec-7] o.h.type.descriptor.sql.BasicExtractor   : extracted value ([sum] : [NUMERIC]) - [1881000]
2024-09-01 14:46:54.900 DEBUG 37840 --- [http-nio-8080-exec-8] o.h.e.t.internal.TransactionImpl         : On TransactionImpl creation, JpaCompliance#isJpaTransactionComplianceEnabled == false
2024-09-01 14:46:54.901 DEBUG 37840 --- [http-nio-8080-exec-8] o.h.e.t.internal.TransactionImpl         : begin
2024-09-01 14:46:54.914 DEBUG 37840 --- [http-nio-8080-exec-8] org.hibernate.SQL                        : select movimiento0_.id as id1_2_0_, movimiento0_.concepto as concepto2_2_0_, movimiento0_.fecha as fecha3_2_0_, movimiento0_.monto as monto4_2_0_, movimiento0_.empleado_id as empleado5_2_0_, empleado1_.id as id1_0_1_, empleado1_.correo as correo2_0_1_, empleado1_.empresa_id as empresa_7_0_1_, empleado1_.estado as estado3_0_1_, empleado1_.nombre as nombre4_0_1_, empleado1_.password as password5_0_1_, empleado1_.rol as rol6_0_1_, empresa2_.id as id1_1_2_, empresa2_.nit as nit2_1_2_, empresa2_.direccion as direccio3_1_2_, empresa2_.nombre as nombre4_1_2_, empresa2_.telefono as telefono5_1_2_ from movimientos movimiento0_ left outer join empleados empleado1_ on movimiento0_.empleado_id=empleado1_.id left outer join empresa empresa2_ on empleado1_.empresa_id=empresa2_.id where movimiento0_.id=?
2024-09-01 14:46:54.916 TRACE 37840 --- [http-nio-8080-exec-8] o.h.type.descriptor.sql.BasicBinder      : binding parameter [1] as [INTEGER] - [16]
2024-09-01 14:46:55.033 TRACE 37840 --- [http-nio-8080-exec-8] o.h.type.descriptor.sql.BasicExtractor   : extracted value ([id1_0_1_] : [INTEGER]) - [2]
2024-09-01 14:46:55.033 TRACE 37840 --- [http-nio-8080-exec-8] o.h.type.descriptor.sql.BasicExtractor   : extracted value ([id1_1_2_] : [INTEGER]) - [4]
2024-09-01 14:46:55.033 DEBUG 37840 --- [http-nio-8080-exec-8] l.p.e.p.i.EntityReferenceInitializerImpl : On call to EntityIdentifierReaderImpl#resolve, EntityKey was already known; should only happen on root returns with an optional identifier specified
2024-09-01 14:46:55.033 TRACE 37840 --- [http-nio-8080-exec-8] o.h.type.descriptor.sql.BasicExtractor   : extracted value ([concepto2_2_0_] : [VARCHAR]) - [8]
2024-09-01 14:46:55.033 TRACE 37840 --- [http-nio-8080-exec-8] o.h.type.descriptor.sql.BasicExtractor   : extracted value ([fecha3_2_0_] : [TIMESTAMP]) - [2024-04-07 00:00:00.0]
2024-09-01 14:46:55.035 TRACE 37840 --- [http-nio-8080-exec-8] o.h.type.descriptor.sql.BasicExtractor   : extracted value ([monto4_2_0_] : [BIGINT]) - [899000]
2024-09-01 14:46:55.035 TRACE 37840 --- [http-nio-8080-exec-8] o.h.type.descriptor.sql.BasicExtractor   : extracted value ([empleado5_2_0_] : [INTEGER]) - [2]
2024-09-01 14:46:55.035 TRACE 37840 --- [http-nio-8080-exec-8] o.h.type.descriptor.sql.BasicExtractor   : extracted value ([correo2_0_1_] : [VARCHAR]) - [mcastro@talana.com]
2024-09-01 14:46:55.035 TRACE 37840 --- [http-nio-8080-exec-8] o.h.type.descriptor.sql.BasicExtractor   : extracted value ([empresa_7_0_1_] : [INTEGER]) - [4]
2024-09-01 14:46:55.035 TRACE 37840 --- [http-nio-8080-exec-8] o.h.type.descriptor.sql.BasicExtractor   : extracted value ([estado3_0_1_] : [BOOLEAN]) - [true]
2024-09-01 14:46:55.035 TRACE 37840 --- [http-nio-8080-exec-8] o.h.type.descriptor.sql.BasicExtractor   : extracted value ([nombre4_0_1_] : [VARCHAR]) - [David Castro]
2024-09-01 14:46:55.035 TRACE 37840 --- [http-nio-8080-exec-8] o.h.type.descriptor.sql.BasicExtractor   : extracted value ([password5_0_1_] : [VARCHAR]) - [$2a$10$xRMJJFfsrkS5iLx2CziXS.6oyGf23Mvy2KWWDDGG2ZUYaxWtnJsfi]
2024-09-01 14:46:55.035 TRACE 37840 --- [http-nio-8080-exec-8] o.h.type.descriptor.sql.BasicExtractor   : extracted value ([rol6_0_1_] : [VARCHAR]) - [ROLE_ADMIN]
2024-09-01 14:46:55.036 TRACE 37840 --- [http-nio-8080-exec-8] o.h.type.descriptor.sql.BasicExtractor   : extracted value ([nit2_1_2_] : [VARCHAR]) - [789-56]
2024-09-01 14:46:55.036 TRACE 37840 --- [http-nio-8080-exec-8] o.h.type.descriptor.sql.BasicExtractor   : extracted value ([direccio3_1_2_] : [VARCHAR]) - [Chile ]
2024-09-01 14:46:55.036 TRACE 37840 --- [http-nio-8080-exec-8] o.h.type.descriptor.sql.BasicExtractor   : extracted value ([nombre4_1_2_] : [VARCHAR]) - [Talana ]
2024-09-01 14:46:55.036 TRACE 37840 --- [http-nio-8080-exec-8] o.h.type.descriptor.sql.BasicExtractor   : extracted value ([telefono5_1_2_] : [VARCHAR]) - [0000000]
2024-09-01 14:46:55.036 DEBUG 37840 --- [http-nio-8080-exec-8] o.h.engine.internal.TwoPhaseLoad         : Resolving attributes for [mvc.moiso.modelos.Movimiento#16]
2024-09-01 14:46:55.036 DEBUG 37840 --- [http-nio-8080-exec-8] o.h.engine.internal.TwoPhaseLoad         : Processing attribute `concepto` : value = 8
2024-09-01 14:46:55.036 DEBUG 37840 --- [http-nio-8080-exec-8] o.h.engine.internal.TwoPhaseLoad         : Attribute (`concepto`)  - enhanced for lazy-loading? - false
2024-09-01 14:46:55.036 DEBUG 37840 --- [http-nio-8080-exec-8] o.h.engine.internal.TwoPhaseLoad         : Processing attribute `fecha` : value = 2024-04-07 00:00:00.0
2024-09-01 14:46:55.036 DEBUG 37840 --- [http-nio-8080-exec-8] o.h.engine.internal.TwoPhaseLoad         : Attribute (`fecha`)  - enhanced for lazy-loading? - false
2024-09-01 14:46:55.036 DEBUG 37840 --- [http-nio-8080-exec-8] o.h.engine.internal.TwoPhaseLoad         : Processing attribute `monto` : value = 899000
2024-09-01 14:46:55.036 DEBUG 37840 --- [http-nio-8080-exec-8] o.h.engine.internal.TwoPhaseLoad         : Attribute (`monto`)  - enhanced for lazy-loading? - false
2024-09-01 14:46:55.036 DEBUG 37840 --- [http-nio-8080-exec-8] o.h.engine.internal.TwoPhaseLoad         : Processing attribute `usuario` : value = 2
2024-09-01 14:46:55.036 DEBUG 37840 --- [http-nio-8080-exec-8] o.h.engine.internal.TwoPhaseLoad         : Attribute (`usuario`)  - enhanced for lazy-loading? - false
2024-09-01 14:46:55.036 DEBUG 37840 --- [http-nio-8080-exec-8] o.h.engine.internal.TwoPhaseLoad         : Done materializing entity [mvc.moiso.modelos.Movimiento#16]
2024-09-01 14:46:55.036 DEBUG 37840 --- [http-nio-8080-exec-8] o.h.engine.internal.TwoPhaseLoad         : Resolving attributes for [mvc.moiso.modelos.Empleado#2]
2024-09-01 14:46:55.036 DEBUG 37840 --- [http-nio-8080-exec-8] o.h.engine.internal.TwoPhaseLoad         : Processing attribute `correo` : value = mcastro@talana.com
2024-09-01 14:46:55.036 DEBUG 37840 --- [http-nio-8080-exec-8] o.h.engine.internal.TwoPhaseLoad         : Attribute (`correo`)  - enhanced for lazy-loading? - false
2024-09-01 14:46:55.036 DEBUG 37840 --- [http-nio-8080-exec-8] o.h.engine.internal.TwoPhaseLoad         : Processing attribute `empresa` : value = 4
2024-09-01 14:46:55.036 DEBUG 37840 --- [http-nio-8080-exec-8] o.h.engine.internal.TwoPhaseLoad         : Attribute (`empresa`)  - enhanced for lazy-loading? - false
2024-09-01 14:46:55.036 DEBUG 37840 --- [http-nio-8080-exec-8] o.h.engine.internal.TwoPhaseLoad         : Processing attribute `estado` : value = true
2024-09-01 14:46:55.036 DEBUG 37840 --- [http-nio-8080-exec-8] o.h.engine.internal.TwoPhaseLoad         : Attribute (`estado`)  - enhanced for lazy-loading? - false
2024-09-01 14:46:55.036 DEBUG 37840 --- [http-nio-8080-exec-8] o.h.engine.internal.TwoPhaseLoad         : Processing attribute `nombre` : value = David Castro
2024-09-01 14:46:55.036 DEBUG 37840 --- [http-nio-8080-exec-8] o.h.engine.internal.TwoPhaseLoad         : Attribute (`nombre`)  - enhanced for lazy-loading? - false
2024-09-01 14:46:55.036 DEBUG 37840 --- [http-nio-8080-exec-8] o.h.engine.internal.TwoPhaseLoad         : Processing attribute `password` : value = $2a$10$xRMJJFfsrkS5iLx2CziXS.6oyGf23Mvy2KWWDDGG2ZUYaxWtnJsfi
2024-09-01 14:46:55.037 DEBUG 37840 --- [http-nio-8080-exec-8] o.h.engine.internal.TwoPhaseLoad         : Attribute (`password`)  - enhanced for lazy-loading? - false
2024-09-01 14:46:55.037 DEBUG 37840 --- [http-nio-8080-exec-8] o.h.engine.internal.TwoPhaseLoad         : Processing attribute `rol` : value = ROLE_ADMIN
2024-09-01 14:46:55.037 DEBUG 37840 --- [http-nio-8080-exec-8] o.h.engine.internal.TwoPhaseLoad         : Attribute (`rol`)  - enhanced for lazy-loading? - false
2024-09-01 14:46:55.037 DEBUG 37840 --- [http-nio-8080-exec-8] o.h.engine.internal.TwoPhaseLoad         : Done materializing entity [mvc.moiso.modelos.Empleado#2]
2024-09-01 14:46:55.037 DEBUG 37840 --- [http-nio-8080-exec-8] o.h.engine.internal.TwoPhaseLoad         : Resolving attributes for [mvc.moiso.modelos.Empresa#4]
2024-09-01 14:46:55.037 DEBUG 37840 --- [http-nio-8080-exec-8] o.h.engine.internal.TwoPhaseLoad         : Processing attribute `NIT` : value = 789-56
2024-09-01 14:46:55.037 DEBUG 37840 --- [http-nio-8080-exec-8] o.h.engine.internal.TwoPhaseLoad         : Attribute (`NIT`)  - enhanced for lazy-loading? - false
2024-09-01 14:46:55.037 DEBUG 37840 --- [http-nio-8080-exec-8] o.h.engine.internal.TwoPhaseLoad         : Processing attribute `direccion` : value = Chile 
2024-09-01 14:46:55.037 DEBUG 37840 --- [http-nio-8080-exec-8] o.h.engine.internal.TwoPhaseLoad         : Attribute (`direccion`)  - enhanced for lazy-loading? - false
2024-09-01 14:46:55.037 DEBUG 37840 --- [http-nio-8080-exec-8] o.h.engine.internal.TwoPhaseLoad         : Processing attribute `nombre` : value = Talana 
2024-09-01 14:46:55.037 DEBUG 37840 --- [http-nio-8080-exec-8] o.h.engine.internal.TwoPhaseLoad         : Attribute (`nombre`)  - enhanced for lazy-loading? - false
2024-09-01 14:46:55.037 DEBUG 37840 --- [http-nio-8080-exec-8] o.h.engine.internal.TwoPhaseLoad         : Processing attribute `telefono` : value = 0000000
2024-09-01 14:46:55.037 DEBUG 37840 --- [http-nio-8080-exec-8] o.h.engine.internal.TwoPhaseLoad         : Attribute (`telefono`)  - enhanced for lazy-loading? - false
2024-09-01 14:46:55.037 DEBUG 37840 --- [http-nio-8080-exec-8] o.h.engine.internal.TwoPhaseLoad         : Done materializing entity [mvc.moiso.modelos.Empresa#4]
2024-09-01 14:46:55.037 DEBUG 37840 --- [http-nio-8080-exec-8] .l.e.p.AbstractLoadPlanBasedEntityLoader : Done entity load : mvc.moiso.modelos.Movimiento#16
2024-09-01 14:46:55.037 DEBUG 37840 --- [http-nio-8080-exec-8] o.h.e.t.internal.TransactionImpl         : committing
2024-09-01 14:46:55.154 DEBUG 37840 --- [http-nio-8080-exec-8] o.h.e.t.internal.TransactionImpl         : begin
2024-09-01 14:46:55.154 DEBUG 37840 --- [http-nio-8080-exec-8] o.h.q.c.internal.CriteriaQueryImpl       : Rendered criteria query -> select generatedAlias0 from Empleado as generatedAlias0
2024-09-01 14:46:55.155 DEBUG 37840 --- [http-nio-8080-exec-8] o.h.h.internal.ast.QueryTranslatorImpl   : parse() - HQL: select generatedAlias0 from mvc.moiso.modelos.Empleado as generatedAlias0
2024-09-01 14:46:55.156 DEBUG 37840 --- [http-nio-8080-exec-8] o.h.hql.internal.ast.ErrorTracker        : throwQueryException() : no errors
2024-09-01 14:46:55.156 DEBUG 37840 --- [http-nio-8080-exec-8] o.h.h.internal.ast.QueryTranslatorImpl   : --- HQL AST ---
 \-[QUERY] Node: 'query'
    \-[SELECT_FROM] Node: 'SELECT_FROM'
       +-[FROM] Node: 'from'
       |  \-[RANGE] Node: 'RANGE'
       |     +-[DOT] Node: '.'
       |     |  +-[DOT] Node: '.'
       |     |  |  +-[DOT] Node: '.'
       |     |  |  |  +-[IDENT] Node: 'mvc'
       |     |  |  |  \-[IDENT] Node: 'moiso'
       |     |  |  \-[IDENT] Node: 'modelos'
       |     |  \-[IDENT] Node: 'Empleado'
       |     \-[ALIAS] Node: 'generatedAlias0'
       \-[SELECT] Node: 'select'
          \-[IDENT] Node: 'generatedAlias0'

2024-09-01 14:46:55.156 DEBUG 37840 --- [http-nio-8080-exec-8] o.h.hql.internal.antlr.HqlSqlBaseWalker  : select << begin [level=1, statement=select]
2024-09-01 14:46:55.156 DEBUG 37840 --- [http-nio-8080-exec-8] o.h.hql.internal.ast.tree.FromElement    : FromClause{level=1} : mvc.moiso.modelos.Empleado (generatedAlias0) -> empleado0_
2024-09-01 14:46:55.156 DEBUG 37840 --- [http-nio-8080-exec-8] o.h.h.i.ast.tree.FromReferenceNode       : Resolved : generatedAlias0 -> empleado0_.id
2024-09-01 14:46:55.157 DEBUG 37840 --- [http-nio-8080-exec-8] o.h.hql.internal.antlr.HqlSqlBaseWalker  : select : finishing up [level=1, statement=select]
2024-09-01 14:46:55.157 DEBUG 37840 --- [http-nio-8080-exec-8] o.h.hql.internal.ast.HqlSqlWalker        : processQuery() :  ( SELECT ( {select clause} empleado0_.id ) ( FromClause{level=1} empleados empleado0_ ) )
2024-09-01 14:46:55.157 DEBUG 37840 --- [http-nio-8080-exec-8] o.h.hql.internal.ast.util.JoinProcessor  : Tables referenced from query nodes:
 \-QueryNode
    +-SelectClause
    | referencedTables(entity Empleado): [empleados]
    |  +-IdentNode
    |  | persister: SingleTableEntityPersister(mvc.moiso.modelos.Empleado)
    |  | originalText: generatedAlias0
    |  \-SqlFragment
    \-FromClause
       \-FromElement

2024-09-01 14:46:55.157 DEBUG 37840 --- [http-nio-8080-exec-8] o.h.hql.internal.ast.util.JoinProcessor  : Using FROM fragment [empleados empleado0_]
2024-09-01 14:46:55.157 DEBUG 37840 --- [http-nio-8080-exec-8] o.h.hql.internal.antlr.HqlSqlBaseWalker  : select >> end [level=1, statement=select]
2024-09-01 14:46:55.157 DEBUG 37840 --- [http-nio-8080-exec-8] o.h.h.internal.ast.QueryTranslatorImpl   : --- SQL AST ---
 \-[SELECT] QueryNode: 'SELECT'  querySpaces (empleados)
    +-[SELECT_CLAUSE] SelectClause: '{select clause}'
    |  +-[ALIAS_REF] IdentNode: 'empleado0_.id as id1_0_' {alias=generatedAlias0, className=mvc.moiso.modelos.Empleado, tableAlias=empleado0_}
    |  \-[SQL_TOKEN] SqlFragment: 'empleado0_.correo as correo2_0_, empleado0_.empresa_id as empresa_7_0_, empleado0_.estado as estado3_0_, empleado0_.nombre as nombre4_0_, empleado0_.password as password5_0_, empleado0_.rol as rol6_0_'
    \-[FROM] FromClause: 'from' FromClause{level=1, fromElementCounter=1, fromElements=1, fromElementByClassAlias=[generatedAlias0], fromElementByTableAlias=[empleado0_], fromElementsByPath=[], collectionJoinFromElementsByPath=[], impliedElements=[]}
       \-[FROM_FRAGMENT] FromElement: 'empleados empleado0_' FromElement{explicit,not a collection join,not a fetch join,fetch non-lazy properties,classAlias=generatedAlias0,role=null,tableName=empleados,tableAlias=empleado0_,origin=null,columns={,className=mvc.moiso.modelos.Empleado}}

2024-09-01 14:46:55.157 DEBUG 37840 --- [http-nio-8080-exec-8] o.h.hql.internal.ast.ErrorTracker        : throwQueryException() : no errors
2024-09-01 14:46:55.157 DEBUG 37840 --- [http-nio-8080-exec-8] o.h.h.internal.ast.QueryTranslatorImpl   : HQL: select generatedAlias0 from mvc.moiso.modelos.Empleado as generatedAlias0
2024-09-01 14:46:55.157 DEBUG 37840 --- [http-nio-8080-exec-8] o.h.h.internal.ast.QueryTranslatorImpl   : SQL: select empleado0_.id as id1_0_, empleado0_.correo as correo2_0_, empleado0_.empresa_id as empresa_7_0_, empleado0_.estado as estado3_0_, empleado0_.nombre as nombre4_0_, empleado0_.password as password5_0_, empleado0_.rol as rol6_0_ from empleados empleado0_
2024-09-01 14:46:55.157 DEBUG 37840 --- [http-nio-8080-exec-8] o.h.hql.internal.ast.ErrorTracker        : throwQueryException() : no errors
2024-09-01 14:46:55.157 DEBUG 37840 --- [http-nio-8080-exec-8] org.hibernate.SQL                        : select empleado0_.id as id1_0_, empleado0_.correo as correo2_0_, empleado0_.empresa_id as empresa_7_0_, empleado0_.estado as estado3_0_, empleado0_.nombre as nombre4_0_, empleado0_.password as password5_0_, empleado0_.rol as rol6_0_ from empleados empleado0_
2024-09-01 14:46:55.275 DEBUG 37840 --- [http-nio-8080-exec-8] org.hibernate.loader.Loader              : Result set row: 0
2024-09-01 14:46:55.276 TRACE 37840 --- [http-nio-8080-exec-8] o.h.type.descriptor.sql.BasicExtractor   : extracted value ([id1_0_] : [INTEGER]) - [5]
2024-09-01 14:46:55.276 DEBUG 37840 --- [http-nio-8080-exec-8] org.hibernate.loader.Loader              : Result row: EntityKey[mvc.moiso.modelos.Empleado#5]
2024-09-01 14:46:55.276 TRACE 37840 --- [http-nio-8080-exec-8] o.h.type.descriptor.sql.BasicExtractor   : extracted value ([correo2_0_] : [VARCHAR]) - [anais@talana.com]
2024-09-01 14:46:55.276 TRACE 37840 --- [http-nio-8080-exec-8] o.h.type.descriptor.sql.BasicExtractor   : extracted value ([empresa_7_0_] : [INTEGER]) - [4]
2024-09-01 14:46:55.276 TRACE 37840 --- [http-nio-8080-exec-8] o.h.type.descriptor.sql.BasicExtractor   : extracted value ([estado3_0_] : [BOOLEAN]) - [true]
2024-09-01 14:46:55.276 TRACE 37840 --- [http-nio-8080-exec-8] o.h.type.descriptor.sql.BasicExtractor   : extracted value ([nombre4_0_] : [VARCHAR]) - [Anaís]
2024-09-01 14:46:55.276 TRACE 37840 --- [http-nio-8080-exec-8] o.h.type.descriptor.sql.BasicExtractor   : extracted value ([password5_0_] : [VARCHAR]) - [$2a$10$QIlGMTL1wtYxbElQRJIYqOgL3t9ET8UxsVK2JC7r3XkblMxgbTWq2]
2024-09-01 14:46:55.276 TRACE 37840 --- [http-nio-8080-exec-8] o.h.type.descriptor.sql.BasicExtractor   : extracted value ([rol6_0_] : [VARCHAR]) - [ROLE_USER]
2024-09-01 14:46:55.277 DEBUG 37840 --- [http-nio-8080-exec-8] org.hibernate.loader.Loader              : Result set row: 1
2024-09-01 14:46:55.277 TRACE 37840 --- [http-nio-8080-exec-8] o.h.type.descriptor.sql.BasicExtractor   : extracted value ([id1_0_] : [INTEGER]) - [9]
2024-09-01 14:46:55.277 DEBUG 37840 --- [http-nio-8080-exec-8] org.hibernate.loader.Loader              : Result row: EntityKey[mvc.moiso.modelos.Empleado#9]
2024-09-01 14:46:55.277 TRACE 37840 --- [http-nio-8080-exec-8] o.h.type.descriptor.sql.BasicExtractor   : extracted value ([correo2_0_] : [VARCHAR]) - [angelica@correo.com]
2024-09-01 14:46:55.277 TRACE 37840 --- [http-nio-8080-exec-8] o.h.type.descriptor.sql.BasicExtractor   : extracted value ([empresa_7_0_] : [INTEGER]) - [8]
2024-09-01 14:46:55.277 TRACE 37840 --- [http-nio-8080-exec-8] o.h.type.descriptor.sql.BasicExtractor   : extracted value ([estado3_0_] : [BOOLEAN]) - [true]
2024-09-01 14:46:55.277 TRACE 37840 --- [http-nio-8080-exec-8] o.h.type.descriptor.sql.BasicExtractor   : extracted value ([nombre4_0_] : [VARCHAR]) - [ANGELICA]
2024-09-01 14:46:55.277 TRACE 37840 --- [http-nio-8080-exec-8] o.h.type.descriptor.sql.BasicExtractor   : extracted value ([password5_0_] : [VARCHAR]) - [$2a$10$Vk/Hsd6pY5s7VZLZMNruVupo57MwGEKm2HUjLFSYeHz4e.QxsnAEq]
2024-09-01 14:46:55.277 TRACE 37840 --- [http-nio-8080-exec-8] o.h.type.descriptor.sql.BasicExtractor   : extracted value ([rol6_0_] : [VARCHAR]) - [ROLE_USER]
2024-09-01 14:46:55.277 DEBUG 37840 --- [http-nio-8080-exec-8] org.hibernate.loader.Loader              : Result set row: 2
2024-09-01 14:46:55.277 TRACE 37840 --- [http-nio-8080-exec-8] o.h.type.descriptor.sql.BasicExtractor   : extracted value ([id1_0_] : [INTEGER]) - [15]
2024-09-01 14:46:55.277 DEBUG 37840 --- [http-nio-8080-exec-8] org.hibernate.loader.Loader              : Result row: EntityKey[mvc.moiso.modelos.Empleado#15]
2024-09-01 14:46:55.277 TRACE 37840 --- [http-nio-8080-exec-8] o.h.type.descriptor.sql.BasicExtractor   : extracted value ([correo2_0_] : [VARCHAR]) - [jaz@talana.com]
2024-09-01 14:46:55.277 TRACE 37840 --- [http-nio-8080-exec-8] o.h.type.descriptor.sql.BasicExtractor   : extracted value ([empresa_7_0_] : [INTEGER]) - [4]
2024-09-01 14:46:55.277 TRACE 37840 --- [http-nio-8080-exec-8] o.h.type.descriptor.sql.BasicExtractor   : extracted value ([estado3_0_] : [BOOLEAN]) - [true]
2024-09-01 14:46:55.277 TRACE 37840 --- [http-nio-8080-exec-8] o.h.type.descriptor.sql.BasicExtractor   : extracted value ([nombre4_0_] : [VARCHAR]) - [Jaz Gargía ]
2024-09-01 14:46:55.277 TRACE 37840 --- [http-nio-8080-exec-8] o.h.type.descriptor.sql.BasicExtractor   : extracted value ([password5_0_] : [VARCHAR]) - [$2a$10$loqmZWB0MLMgZfE/oml4keaMzYe6XiB4YIoR3caMmrVeC0fKF.FJC]
2024-09-01 14:46:55.277 TRACE 37840 --- [http-nio-8080-exec-8] o.h.type.descriptor.sql.BasicExtractor   : extracted value ([rol6_0_] : [VARCHAR]) - [ROLE_ADMIN]
2024-09-01 14:46:55.277 DEBUG 37840 --- [http-nio-8080-exec-8] org.hibernate.loader.Loader              : Result set row: 3
2024-09-01 14:46:55.277 TRACE 37840 --- [http-nio-8080-exec-8] o.h.type.descriptor.sql.BasicExtractor   : extracted value ([id1_0_] : [INTEGER]) - [18]
2024-09-01 14:46:55.277 DEBUG 37840 --- [http-nio-8080-exec-8] org.hibernate.loader.Loader              : Result row: EntityKey[mvc.moiso.modelos.Empleado#18]
2024-09-01 14:46:55.277 TRACE 37840 --- [http-nio-8080-exec-8] o.h.type.descriptor.sql.BasicExtractor   : extracted value ([correo2_0_] : [VARCHAR]) - [ed@correo.com]
2024-09-01 14:46:55.277 TRACE 37840 --- [http-nio-8080-exec-8] o.h.type.descriptor.sql.BasicExtractor   : extracted value ([empresa_7_0_] : [INTEGER]) - [4]
2024-09-01 14:46:55.277 TRACE 37840 --- [http-nio-8080-exec-8] o.h.type.descriptor.sql.BasicExtractor   : extracted value ([estado3_0_] : [BOOLEAN]) - [false]
2024-09-01 14:46:55.277 TRACE 37840 --- [http-nio-8080-exec-8] o.h.type.descriptor.sql.BasicExtractor   : extracted value ([nombre4_0_] : [VARCHAR]) - [Edwin Perez]
2024-09-01 14:46:55.278 TRACE 37840 --- [http-nio-8080-exec-8] o.h.type.descriptor.sql.BasicExtractor   : extracted value ([password5_0_] : [VARCHAR]) - [$2a$10$PV27XYA.RKnAss.sr.7..O6qgZWIcQVX10owX3CLBpRlrKiMIEjSm]
2024-09-01 14:46:55.278 TRACE 37840 --- [http-nio-8080-exec-8] o.h.type.descriptor.sql.BasicExtractor   : extracted value ([rol6_0_] : [VARCHAR]) - [ROLE_ADMIN]
2024-09-01 14:46:55.278 DEBUG 37840 --- [http-nio-8080-exec-8] org.hibernate.loader.Loader              : Result set row: 4
2024-09-01 14:46:55.278 TRACE 37840 --- [http-nio-8080-exec-8] o.h.type.descriptor.sql.BasicExtractor   : extracted value ([id1_0_] : [INTEGER]) - [23]
2024-09-01 14:46:55.279 DEBUG 37840 --- [http-nio-8080-exec-8] org.hibernate.loader.Loader              : Result row: EntityKey[mvc.moiso.modelos.Empleado#23]
2024-09-01 14:46:55.279 TRACE 37840 --- [http-nio-8080-exec-8] o.h.type.descriptor.sql.BasicExtractor   : extracted value ([correo2_0_] : [VARCHAR]) - [mapicama@correo.com]
2024-09-01 14:46:55.280 TRACE 37840 --- [http-nio-8080-exec-8] o.h.type.descriptor.sql.BasicExtractor   : extracted value ([empresa_7_0_] : [INTEGER]) - [11]
2024-09-01 14:46:55.280 TRACE 37840 --- [http-nio-8080-exec-8] o.h.type.descriptor.sql.BasicExtractor   : extracted value ([estado3_0_] : [BOOLEAN]) - [true]
2024-09-01 14:46:55.280 TRACE 37840 --- [http-nio-8080-exec-8] o.h.type.descriptor.sql.BasicExtractor   : extracted value ([nombre4_0_] : [VARCHAR]) - [Maria Castro]
2024-09-01 14:46:55.280 TRACE 37840 --- [http-nio-8080-exec-8] o.h.type.descriptor.sql.BasicExtractor   : extracted value ([password5_0_] : [VARCHAR]) - [$2a$10$B8s7yRLsa.odsQbAoX/3D.oV74RvOBUiUt3dnQMZ.IWovxGc0qHAC]
2024-09-01 14:46:55.280 TRACE 37840 --- [http-nio-8080-exec-8] o.h.type.descriptor.sql.BasicExtractor   : extracted value ([rol6_0_] : [VARCHAR]) - [ROLE_ADMIN]
2024-09-01 14:46:55.280 DEBUG 37840 --- [http-nio-8080-exec-8] org.hibernate.loader.Loader              : Result set row: 5
2024-09-01 14:46:55.280 TRACE 37840 --- [http-nio-8080-exec-8] o.h.type.descriptor.sql.BasicExtractor   : extracted value ([id1_0_] : [INTEGER]) - [22]
2024-09-01 14:46:55.280 DEBUG 37840 --- [http-nio-8080-exec-8] org.hibernate.loader.Loader              : Result row: EntityKey[mvc.moiso.modelos.Empleado#22]
2024-09-01 14:46:55.280 TRACE 37840 --- [http-nio-8080-exec-8] o.h.type.descriptor.sql.BasicExtractor   : extracted value ([correo2_0_] : [VARCHAR]) - [vio@correo.com]
2024-09-01 14:46:55.280 TRACE 37840 --- [http-nio-8080-exec-8] o.h.type.descriptor.sql.BasicExtractor   : extracted value ([empresa_7_0_] : [INTEGER]) - [8]
2024-09-01 14:46:55.280 TRACE 37840 --- [http-nio-8080-exec-8] o.h.type.descriptor.sql.BasicExtractor   : extracted value ([estado3_0_] : [BOOLEAN]) - [true]
2024-09-01 14:46:55.281 TRACE 37840 --- [http-nio-8080-exec-8] o.h.type.descriptor.sql.BasicExtractor   : extracted value ([nombre4_0_] : [VARCHAR]) - [Violeta Castro]
2024-09-01 14:46:55.281 TRACE 37840 --- [http-nio-8080-exec-8] o.h.type.descriptor.sql.BasicExtractor   : extracted value ([password5_0_] : [VARCHAR]) - [$2a$10$DbaIrtxHMWo7WV4DVe9fteGvCb0W28EWVoHQSMxSY2D3dwZXT5i.e]
2024-09-01 14:46:55.281 TRACE 37840 --- [http-nio-8080-exec-8] o.h.type.descriptor.sql.BasicExtractor   : extracted value ([rol6_0_] : [VARCHAR]) - [ROLE_USER]
2024-09-01 14:46:55.281 DEBUG 37840 --- [http-nio-8080-exec-8] org.hibernate.loader.Loader              : Result set row: 6
2024-09-01 14:46:55.281 TRACE 37840 --- [http-nio-8080-exec-8] o.h.type.descriptor.sql.BasicExtractor   : extracted value ([id1_0_] : [INTEGER]) - [2]
2024-09-01 14:46:55.281 DEBUG 37840 --- [http-nio-8080-exec-8] org.hibernate.loader.Loader              : Result row: EntityKey[mvc.moiso.modelos.Empleado#2]
2024-09-01 14:46:55.281 DEBUG 37840 --- [http-nio-8080-exec-8] org.hibernate.loader.Loader              : Result set row: 7
2024-09-01 14:46:55.281 TRACE 37840 --- [http-nio-8080-exec-8] o.h.type.descriptor.sql.BasicExtractor   : extracted value ([id1_0_] : [INTEGER]) - [29]
2024-09-01 14:46:55.281 DEBUG 37840 --- [http-nio-8080-exec-8] org.hibernate.loader.Loader              : Result row: EntityKey[mvc.moiso.modelos.Empleado#29]
2024-09-01 14:46:55.281 TRACE 37840 --- [http-nio-8080-exec-8] o.h.type.descriptor.sql.BasicExtractor   : extracted value ([correo2_0_] : [VARCHAR]) - [mt@correo.co]
2024-09-01 14:46:55.281 TRACE 37840 --- [http-nio-8080-exec-8] o.h.type.descriptor.sql.BasicExtractor   : extracted value ([empresa_7_0_] : [INTEGER]) - [4]
2024-09-01 14:46:55.281 TRACE 37840 --- [http-nio-8080-exec-8] o.h.type.descriptor.sql.BasicExtractor   : extracted value ([estado3_0_] : [BOOLEAN]) - [true]
2024-09-01 14:46:55.281 TRACE 37840 --- [http-nio-8080-exec-8] o.h.type.descriptor.sql.BasicExtractor   : extracted value ([nombre4_0_] : [VARCHAR]) - [Mike Tyson]
2024-09-01 14:46:55.281 TRACE 37840 --- [http-nio-8080-exec-8] o.h.type.descriptor.sql.BasicExtractor   : extracted value ([password5_0_] : [VARCHAR]) - [$2a$10$nonvadYKOyvnkK0NsONOseSAQcC4/9N6fTce5KZ4c61DpLxW3C1SS]
2024-09-01 14:46:55.282 TRACE 37840 --- [http-nio-8080-exec-8] o.h.type.descriptor.sql.BasicExtractor   : extracted value ([rol6_0_] : [VARCHAR]) - [ROLE_ADMIN]
2024-09-01 14:46:55.282 DEBUG 37840 --- [http-nio-8080-exec-8] o.h.engine.internal.TwoPhaseLoad         : Resolving attributes for [mvc.moiso.modelos.Empleado#5]
2024-09-01 14:46:55.282 DEBUG 37840 --- [http-nio-8080-exec-8] o.h.engine.internal.TwoPhaseLoad         : Processing attribute `correo` : value = anais@talana.com
2024-09-01 14:46:55.282 DEBUG 37840 --- [http-nio-8080-exec-8] o.h.engine.internal.TwoPhaseLoad         : Attribute (`correo`)  - enhanced for lazy-loading? - false
2024-09-01 14:46:55.282 DEBUG 37840 --- [http-nio-8080-exec-8] o.h.engine.internal.TwoPhaseLoad         : Processing attribute `empresa` : value = 4
2024-09-01 14:46:55.282 DEBUG 37840 --- [http-nio-8080-exec-8] o.h.engine.internal.TwoPhaseLoad         : Attribute (`empresa`)  - enhanced for lazy-loading? - false
2024-09-01 14:46:55.282 DEBUG 37840 --- [http-nio-8080-exec-8] o.h.engine.internal.TwoPhaseLoad         : Processing attribute `estado` : value = true
2024-09-01 14:46:55.282 DEBUG 37840 --- [http-nio-8080-exec-8] o.h.engine.internal.TwoPhaseLoad         : Attribute (`estado`)  - enhanced for lazy-loading? - false
2024-09-01 14:46:55.282 DEBUG 37840 --- [http-nio-8080-exec-8] o.h.engine.internal.TwoPhaseLoad         : Processing attribute `nombre` : value = Anaís
2024-09-01 14:46:55.282 DEBUG 37840 --- [http-nio-8080-exec-8] o.h.engine.internal.TwoPhaseLoad         : Attribute (`nombre`)  - enhanced for lazy-loading? - false
2024-09-01 14:46:55.282 DEBUG 37840 --- [http-nio-8080-exec-8] o.h.engine.internal.TwoPhaseLoad         : Processing attribute `password` : value = $2a$10$QIlGMTL1wtYxbElQRJIYqOgL3t9ET8UxsVK2JC7r3XkblMxgbTWq2
2024-09-01 14:46:55.282 DEBUG 37840 --- [http-nio-8080-exec-8] o.h.engine.internal.TwoPhaseLoad         : Attribute (`password`)  - enhanced for lazy-loading? - false
2024-09-01 14:46:55.282 DEBUG 37840 --- [http-nio-8080-exec-8] o.h.engine.internal.TwoPhaseLoad         : Processing attribute `rol` : value = ROLE_USER
2024-09-01 14:46:55.283 DEBUG 37840 --- [http-nio-8080-exec-8] o.h.engine.internal.TwoPhaseLoad         : Attribute (`rol`)  - enhanced for lazy-loading? - false
2024-09-01 14:46:55.283 DEBUG 37840 --- [http-nio-8080-exec-8] o.h.engine.internal.TwoPhaseLoad         : Done materializing entity [mvc.moiso.modelos.Empleado#5]
2024-09-01 14:46:55.283 DEBUG 37840 --- [http-nio-8080-exec-8] o.h.engine.internal.TwoPhaseLoad         : Resolving attributes for [mvc.moiso.modelos.Empleado#9]
2024-09-01 14:46:55.283 DEBUG 37840 --- [http-nio-8080-exec-8] o.h.engine.internal.TwoPhaseLoad         : Processing attribute `correo` : value = angelica@correo.com
2024-09-01 14:46:55.283 DEBUG 37840 --- [http-nio-8080-exec-8] o.h.engine.internal.TwoPhaseLoad         : Attribute (`correo`)  - enhanced for lazy-loading? - false
2024-09-01 14:46:55.283 DEBUG 37840 --- [http-nio-8080-exec-8] o.h.engine.internal.TwoPhaseLoad         : Processing attribute `empresa` : value = 8
2024-09-01 14:46:55.283 DEBUG 37840 --- [http-nio-8080-exec-8] o.h.engine.internal.TwoPhaseLoad         : Attribute (`empresa`)  - enhanced for lazy-loading? - false
2024-09-01 14:46:55.283 DEBUG 37840 --- [http-nio-8080-exec-8] org.hibernate.SQL                        : select empresa0_.id as id1_1_0_, empresa0_.nit as nit2_1_0_, empresa0_.direccion as direccio3_1_0_, empresa0_.nombre as nombre4_1_0_, empresa0_.telefono as telefono5_1_0_ from empresa empresa0_ where empresa0_.id=?
2024-09-01 14:46:55.284 TRACE 37840 --- [http-nio-8080-exec-8] o.h.type.descriptor.sql.BasicBinder      : binding parameter [1] as [INTEGER] - [8]
2024-09-01 14:46:55.400 DEBUG 37840 --- [http-nio-8080-exec-8] l.p.e.p.i.EntityReferenceInitializerImpl : On call to EntityIdentifierReaderImpl#resolve, EntityKey was already known; should only happen on root returns with an optional identifier specified
2024-09-01 14:46:55.400 TRACE 37840 --- [http-nio-8080-exec-8] o.h.type.descriptor.sql.BasicExtractor   : extracted value ([nit2_1_0_] : [VARCHAR]) - [987456-9]
2024-09-01 14:46:55.401 TRACE 37840 --- [http-nio-8080-exec-8] o.h.type.descriptor.sql.BasicExtractor   : extracted value ([direccio3_1_0_] : [VARCHAR]) - [AV 42]
2024-09-01 14:46:55.401 TRACE 37840 --- [http-nio-8080-exec-8] o.h.type.descriptor.sql.BasicExtractor   : extracted value ([nombre4_1_0_] : [VARCHAR]) - [UNAB]
2024-09-01 14:46:55.401 TRACE 37840 --- [http-nio-8080-exec-8] o.h.type.descriptor.sql.BasicExtractor   : extracted value ([telefono5_1_0_] : [VARCHAR]) - [63444444]
2024-09-01 14:46:55.401 DEBUG 37840 --- [http-nio-8080-exec-8] o.h.engine.internal.TwoPhaseLoad         : Resolving attributes for [mvc.moiso.modelos.Empresa#8]
2024-09-01 14:46:55.401 DEBUG 37840 --- [http-nio-8080-exec-8] o.h.engine.internal.TwoPhaseLoad         : Processing attribute `NIT` : value = 987456-9
2024-09-01 14:46:55.402 DEBUG 37840 --- [http-nio-8080-exec-8] o.h.engine.internal.TwoPhaseLoad         : Attribute (`NIT`)  - enhanced for lazy-loading? - false
2024-09-01 14:46:55.402 DEBUG 37840 --- [http-nio-8080-exec-8] o.h.engine.internal.TwoPhaseLoad         : Processing attribute `direccion` : value = AV 42
2024-09-01 14:46:55.402 DEBUG 37840 --- [http-nio-8080-exec-8] o.h.engine.internal.TwoPhaseLoad         : Attribute (`direccion`)  - enhanced for lazy-loading? - false
2024-09-01 14:46:55.402 DEBUG 37840 --- [http-nio-8080-exec-8] o.h.engine.internal.TwoPhaseLoad         : Processing attribute `nombre` : value = UNAB
2024-09-01 14:46:55.402 DEBUG 37840 --- [http-nio-8080-exec-8] o.h.engine.internal.TwoPhaseLoad         : Attribute (`nombre`)  - enhanced for lazy-loading? - false
2024-09-01 14:46:55.402 DEBUG 37840 --- [http-nio-8080-exec-8] o.h.engine.internal.TwoPhaseLoad         : Processing attribute `telefono` : value = 63444444
2024-09-01 14:46:55.402 DEBUG 37840 --- [http-nio-8080-exec-8] o.h.engine.internal.TwoPhaseLoad         : Attribute (`telefono`)  - enhanced for lazy-loading? - false
2024-09-01 14:46:55.402 DEBUG 37840 --- [http-nio-8080-exec-8] o.h.engine.internal.TwoPhaseLoad         : Done materializing entity [mvc.moiso.modelos.Empresa#8]
2024-09-01 14:46:55.402 DEBUG 37840 --- [http-nio-8080-exec-8] .l.e.p.AbstractLoadPlanBasedEntityLoader : Done entity load : mvc.moiso.modelos.Empresa#8
2024-09-01 14:46:55.403 DEBUG 37840 --- [http-nio-8080-exec-8] o.h.engine.internal.TwoPhaseLoad         : Processing attribute `estado` : value = true
2024-09-01 14:46:55.403 DEBUG 37840 --- [http-nio-8080-exec-8] o.h.engine.internal.TwoPhaseLoad         : Attribute (`estado`)  - enhanced for lazy-loading? - false
2024-09-01 14:46:55.403 DEBUG 37840 --- [http-nio-8080-exec-8] o.h.engine.internal.TwoPhaseLoad         : Processing attribute `nombre` : value = ANGELICA
2024-09-01 14:46:55.403 DEBUG 37840 --- [http-nio-8080-exec-8] o.h.engine.internal.TwoPhaseLoad         : Attribute (`nombre`)  - enhanced for lazy-loading? - false
2024-09-01 14:46:55.403 DEBUG 37840 --- [http-nio-8080-exec-8] o.h.engine.internal.TwoPhaseLoad         : Processing attribute `password` : value = $2a$10$Vk/Hsd6pY5s7VZLZMNruVupo57MwGEKm2HUjLFSYeHz4e.QxsnAEq
2024-09-01 14:46:55.403 DEBUG 37840 --- [http-nio-8080-exec-8] o.h.engine.internal.TwoPhaseLoad         : Attribute (`password`)  - enhanced for lazy-loading? - false
2024-09-01 14:46:55.403 DEBUG 37840 --- [http-nio-8080-exec-8] o.h.engine.internal.TwoPhaseLoad         : Processing attribute `rol` : value = ROLE_USER
2024-09-01 14:46:55.403 DEBUG 37840 --- [http-nio-8080-exec-8] o.h.engine.internal.TwoPhaseLoad         : Attribute (`rol`)  - enhanced for lazy-loading? - false
2024-09-01 14:46:55.403 DEBUG 37840 --- [http-nio-8080-exec-8] o.h.engine.internal.TwoPhaseLoad         : Done materializing entity [mvc.moiso.modelos.Empleado#9]
2024-09-01 14:46:55.403 DEBUG 37840 --- [http-nio-8080-exec-8] o.h.engine.internal.TwoPhaseLoad         : Resolving attributes for [mvc.moiso.modelos.Empleado#15]
2024-09-01 14:46:55.403 DEBUG 37840 --- [http-nio-8080-exec-8] o.h.engine.internal.TwoPhaseLoad         : Processing attribute `correo` : value = jaz@talana.com
2024-09-01 14:46:55.403 DEBUG 37840 --- [http-nio-8080-exec-8] o.h.engine.internal.TwoPhaseLoad         : Attribute (`correo`)  - enhanced for lazy-loading? - false
2024-09-01 14:46:55.403 DEBUG 37840 --- [http-nio-8080-exec-8] o.h.engine.internal.TwoPhaseLoad         : Processing attribute `empresa` : value = 4
2024-09-01 14:46:55.403 DEBUG 37840 --- [http-nio-8080-exec-8] o.h.engine.internal.TwoPhaseLoad         : Attribute (`empresa`)  - enhanced for lazy-loading? - false
2024-09-01 14:46:55.403 DEBUG 37840 --- [http-nio-8080-exec-8] o.h.engine.internal.TwoPhaseLoad         : Processing attribute `estado` : value = true
2024-09-01 14:46:55.403 DEBUG 37840 --- [http-nio-8080-exec-8] o.h.engine.internal.TwoPhaseLoad         : Attribute (`estado`)  - enhanced for lazy-loading? - false
2024-09-01 14:46:55.403 DEBUG 37840 --- [http-nio-8080-exec-8] o.h.engine.internal.TwoPhaseLoad         : Processing attribute `nombre` : value = Jaz Gargía 
2024-09-01 14:46:55.403 DEBUG 37840 --- [http-nio-8080-exec-8] o.h.engine.internal.TwoPhaseLoad         : Attribute (`nombre`)  - enhanced for lazy-loading? - false
2024-09-01 14:46:55.403 DEBUG 37840 --- [http-nio-8080-exec-8] o.h.engine.internal.TwoPhaseLoad         : Processing attribute `password` : value = $2a$10$loqmZWB0MLMgZfE/oml4keaMzYe6XiB4YIoR3caMmrVeC0fKF.FJC
2024-09-01 14:46:55.403 DEBUG 37840 --- [http-nio-8080-exec-8] o.h.engine.internal.TwoPhaseLoad         : Attribute (`password`)  - enhanced for lazy-loading? - false
2024-09-01 14:46:55.403 DEBUG 37840 --- [http-nio-8080-exec-8] o.h.engine.internal.TwoPhaseLoad         : Processing attribute `rol` : value = ROLE_ADMIN
2024-09-01 14:46:55.403 DEBUG 37840 --- [http-nio-8080-exec-8] o.h.engine.internal.TwoPhaseLoad         : Attribute (`rol`)  - enhanced for lazy-loading? - false
2024-09-01 14:46:55.403 DEBUG 37840 --- [http-nio-8080-exec-8] o.h.engine.internal.TwoPhaseLoad         : Done materializing entity [mvc.moiso.modelos.Empleado#15]
2024-09-01 14:46:55.403 DEBUG 37840 --- [http-nio-8080-exec-8] o.h.engine.internal.TwoPhaseLoad         : Resolving attributes for [mvc.moiso.modelos.Empleado#18]
2024-09-01 14:46:55.403 DEBUG 37840 --- [http-nio-8080-exec-8] o.h.engine.internal.TwoPhaseLoad         : Processing attribute `correo` : value = ed@correo.com
2024-09-01 14:46:55.403 DEBUG 37840 --- [http-nio-8080-exec-8] o.h.engine.internal.TwoPhaseLoad         : Attribute (`correo`)  - enhanced for lazy-loading? - false
2024-09-01 14:46:55.403 DEBUG 37840 --- [http-nio-8080-exec-8] o.h.engine.internal.TwoPhaseLoad         : Processing attribute `empresa` : value = 4
2024-09-01 14:46:55.403 DEBUG 37840 --- [http-nio-8080-exec-8] o.h.engine.internal.TwoPhaseLoad         : Attribute (`empresa`)  - enhanced for lazy-loading? - false
2024-09-01 14:46:55.404 DEBUG 37840 --- [http-nio-8080-exec-8] o.h.engine.internal.TwoPhaseLoad         : Processing attribute `estado` : value = false
2024-09-01 14:46:55.404 DEBUG 37840 --- [http-nio-8080-exec-8] o.h.engine.internal.TwoPhaseLoad         : Attribute (`estado`)  - enhanced for lazy-loading? - false
2024-09-01 14:46:55.404 DEBUG 37840 --- [http-nio-8080-exec-8] o.h.engine.internal.TwoPhaseLoad         : Processing attribute `nombre` : value = Edwin Perez
2024-09-01 14:46:55.404 DEBUG 37840 --- [http-nio-8080-exec-8] o.h.engine.internal.TwoPhaseLoad         : Attribute (`nombre`)  - enhanced for lazy-loading? - false
2024-09-01 14:46:55.404 DEBUG 37840 --- [http-nio-8080-exec-8] o.h.engine.internal.TwoPhaseLoad         : Processing attribute `password` : value = $2a$10$PV27XYA.RKnAss.sr.7..O6qgZWIcQVX10owX3CLBpRlrKiMIEjSm
2024-09-01 14:46:55.404 DEBUG 37840 --- [http-nio-8080-exec-8] o.h.engine.internal.TwoPhaseLoad         : Attribute (`password`)  - enhanced for lazy-loading? - false
2024-09-01 14:46:55.404 DEBUG 37840 --- [http-nio-8080-exec-8] o.h.engine.internal.TwoPhaseLoad         : Processing attribute `rol` : value = ROLE_ADMIN
2024-09-01 14:46:55.404 DEBUG 37840 --- [http-nio-8080-exec-8] o.h.engine.internal.TwoPhaseLoad         : Attribute (`rol`)  - enhanced for lazy-loading? - false
2024-09-01 14:46:55.404 DEBUG 37840 --- [http-nio-8080-exec-8] o.h.engine.internal.TwoPhaseLoad         : Done materializing entity [mvc.moiso.modelos.Empleado#18]
2024-09-01 14:46:55.404 DEBUG 37840 --- [http-nio-8080-exec-8] o.h.engine.internal.TwoPhaseLoad         : Resolving attributes for [mvc.moiso.modelos.Empleado#23]
2024-09-01 14:46:55.404 DEBUG 37840 --- [http-nio-8080-exec-8] o.h.engine.internal.TwoPhaseLoad         : Processing attribute `correo` : value = mapicama@correo.com
2024-09-01 14:46:55.404 DEBUG 37840 --- [http-nio-8080-exec-8] o.h.engine.internal.TwoPhaseLoad         : Attribute (`correo`)  - enhanced for lazy-loading? - false
2024-09-01 14:46:55.404 DEBUG 37840 --- [http-nio-8080-exec-8] o.h.engine.internal.TwoPhaseLoad         : Processing attribute `empresa` : value = 11
2024-09-01 14:46:55.404 DEBUG 37840 --- [http-nio-8080-exec-8] o.h.engine.internal.TwoPhaseLoad         : Attribute (`empresa`)  - enhanced for lazy-loading? - false
2024-09-01 14:46:55.404 DEBUG 37840 --- [http-nio-8080-exec-8] org.hibernate.SQL                        : select empresa0_.id as id1_1_0_, empresa0_.nit as nit2_1_0_, empresa0_.direccion as direccio3_1_0_, empresa0_.nombre as nombre4_1_0_, empresa0_.telefono as telefono5_1_0_ from empresa empresa0_ where empresa0_.id=?
2024-09-01 14:46:55.404 TRACE 37840 --- [http-nio-8080-exec-8] o.h.type.descriptor.sql.BasicBinder      : binding parameter [1] as [INTEGER] - [11]
2024-09-01 14:46:55.520 DEBUG 37840 --- [http-nio-8080-exec-8] l.p.e.p.i.EntityReferenceInitializerImpl : On call to EntityIdentifierReaderImpl#resolve, EntityKey was already known; should only happen on root returns with an optional identifier specified
2024-09-01 14:46:55.520 TRACE 37840 --- [http-nio-8080-exec-8] o.h.type.descriptor.sql.BasicExtractor   : extracted value ([nit2_1_0_] : [VARCHAR]) - [987456-2]
2024-09-01 14:46:55.520 TRACE 37840 --- [http-nio-8080-exec-8] o.h.type.descriptor.sql.BasicExtractor   : extracted value ([direccio3_1_0_] : [VARCHAR]) - [CR 27 CON CALLE 21 ]
2024-09-01 14:46:55.520 TRACE 37840 --- [http-nio-8080-exec-8] o.h.type.descriptor.sql.BasicExtractor   : extracted value ([nombre4_1_0_] : [VARCHAR]) - [MAS POR MENOS SUPERMERCADO]
2024-09-01 14:46:55.520 TRACE 37840 --- [http-nio-8080-exec-8] o.h.type.descriptor.sql.BasicExtractor   : extracted value ([telefono5_1_0_] : [VARCHAR]) - [6400000]
2024-09-01 14:46:55.520 DEBUG 37840 --- [http-nio-8080-exec-8] o.h.engine.internal.TwoPhaseLoad         : Resolving attributes for [mvc.moiso.modelos.Empresa#11]
2024-09-01 14:46:55.520 DEBUG 37840 --- [http-nio-8080-exec-8] o.h.engine.internal.TwoPhaseLoad         : Processing attribute `NIT` : value = 987456-2
2024-09-01 14:46:55.520 DEBUG 37840 --- [http-nio-8080-exec-8] o.h.engine.internal.TwoPhaseLoad         : Attribute (`NIT`)  - enhanced for lazy-loading? - false
2024-09-01 14:46:55.520 DEBUG 37840 --- [http-nio-8080-exec-8] o.h.engine.internal.TwoPhaseLoad         : Processing attribute `direccion` : value = CR 27 CON CALLE 21 
2024-09-01 14:46:55.520 DEBUG 37840 --- [http-nio-8080-exec-8] o.h.engine.internal.TwoPhaseLoad         : Attribute (`direccion`)  - enhanced for lazy-loading? - false
2024-09-01 14:46:55.520 DEBUG 37840 --- [http-nio-8080-exec-8] o.h.engine.internal.TwoPhaseLoad         : Processing attribute `nombre` : value = MAS POR MENOS SUPERMERCADO
2024-09-01 14:46:55.521 DEBUG 37840 --- [http-nio-8080-exec-8] o.h.engine.internal.TwoPhaseLoad         : Attribute (`nombre`)  - enhanced for lazy-loading? - false
2024-09-01 14:46:55.521 DEBUG 37840 --- [http-nio-8080-exec-8] o.h.engine.internal.TwoPhaseLoad         : Processing attribute `telefono` : value = 6400000
2024-09-01 14:46:55.521 DEBUG 37840 --- [http-nio-8080-exec-8] o.h.engine.internal.TwoPhaseLoad         : Attribute (`telefono`)  - enhanced for lazy-loading? - false
2024-09-01 14:46:55.521 DEBUG 37840 --- [http-nio-8080-exec-8] o.h.engine.internal.TwoPhaseLoad         : Done materializing entity [mvc.moiso.modelos.Empresa#11]
2024-09-01 14:46:55.521 DEBUG 37840 --- [http-nio-8080-exec-8] .l.e.p.AbstractLoadPlanBasedEntityLoader : Done entity load : mvc.moiso.modelos.Empresa#11
2024-09-01 14:46:55.521 DEBUG 37840 --- [http-nio-8080-exec-8] o.h.engine.internal.TwoPhaseLoad         : Processing attribute `estado` : value = true
2024-09-01 14:46:55.521 DEBUG 37840 --- [http-nio-8080-exec-8] o.h.engine.internal.TwoPhaseLoad         : Attribute (`estado`)  - enhanced for lazy-loading? - false
2024-09-01 14:46:55.521 DEBUG 37840 --- [http-nio-8080-exec-8] o.h.engine.internal.TwoPhaseLoad         : Processing attribute `nombre` : value = Maria Castro
2024-09-01 14:46:55.521 DEBUG 37840 --- [http-nio-8080-exec-8] o.h.engine.internal.TwoPhaseLoad         : Attribute (`nombre`)  - enhanced for lazy-loading? - false
2024-09-01 14:46:55.521 DEBUG 37840 --- [http-nio-8080-exec-8] o.h.engine.internal.TwoPhaseLoad         : Processing attribute `password` : value = $2a$10$B8s7yRLsa.odsQbAoX/3D.oV74RvOBUiUt3dnQMZ.IWovxGc0qHAC
2024-09-01 14:46:55.521 DEBUG 37840 --- [http-nio-8080-exec-8] o.h.engine.internal.TwoPhaseLoad         : Attribute (`password`)  - enhanced for lazy-loading? - false
2024-09-01 14:46:55.521 DEBUG 37840 --- [http-nio-8080-exec-8] o.h.engine.internal.TwoPhaseLoad         : Processing attribute `rol` : value = ROLE_ADMIN
2024-09-01 14:46:55.521 DEBUG 37840 --- [http-nio-8080-exec-8] o.h.engine.internal.TwoPhaseLoad         : Attribute (`rol`)  - enhanced for lazy-loading? - false
2024-09-01 14:46:55.521 DEBUG 37840 --- [http-nio-8080-exec-8] o.h.engine.internal.TwoPhaseLoad         : Done materializing entity [mvc.moiso.modelos.Empleado#23]
2024-09-01 14:46:55.521 DEBUG 37840 --- [http-nio-8080-exec-8] o.h.engine.internal.TwoPhaseLoad         : Resolving attributes for [mvc.moiso.modelos.Empleado#22]
2024-09-01 14:46:55.521 DEBUG 37840 --- [http-nio-8080-exec-8] o.h.engine.internal.TwoPhaseLoad         : Processing attribute `correo` : value = vio@correo.com
2024-09-01 14:46:55.522 DEBUG 37840 --- [http-nio-8080-exec-8] o.h.engine.internal.TwoPhaseLoad         : Attribute (`correo`)  - enhanced for lazy-loading? - false
2024-09-01 14:46:55.522 DEBUG 37840 --- [http-nio-8080-exec-8] o.h.engine.internal.TwoPhaseLoad         : Processing attribute `empresa` : value = 8
2024-09-01 14:46:55.522 DEBUG 37840 --- [http-nio-8080-exec-8] o.h.engine.internal.TwoPhaseLoad         : Attribute (`empresa`)  - enhanced for lazy-loading? - false
2024-09-01 14:46:55.522 DEBUG 37840 --- [http-nio-8080-exec-8] o.h.engine.internal.TwoPhaseLoad         : Processing attribute `estado` : value = true
2024-09-01 14:46:55.522 DEBUG 37840 --- [http-nio-8080-exec-8] o.h.engine.internal.TwoPhaseLoad         : Attribute (`estado`)  - enhanced for lazy-loading? - false
2024-09-01 14:46:55.522 DEBUG 37840 --- [http-nio-8080-exec-8] o.h.engine.internal.TwoPhaseLoad         : Processing attribute `nombre` : value = Violeta Castro
2024-09-01 14:46:55.522 DEBUG 37840 --- [http-nio-8080-exec-8] o.h.engine.internal.TwoPhaseLoad         : Attribute (`nombre`)  - enhanced for lazy-loading? - false
2024-09-01 14:46:55.522 DEBUG 37840 --- [http-nio-8080-exec-8] o.h.engine.internal.TwoPhaseLoad         : Processing attribute `password` : value = $2a$10$DbaIrtxHMWo7WV4DVe9fteGvCb0W28EWVoHQSMxSY2D3dwZXT5i.e
2024-09-01 14:46:55.522 DEBUG 37840 --- [http-nio-8080-exec-8] o.h.engine.internal.TwoPhaseLoad         : Attribute (`password`)  - enhanced for lazy-loading? - false
2024-09-01 14:46:55.522 DEBUG 37840 --- [http-nio-8080-exec-8] o.h.engine.internal.TwoPhaseLoad         : Processing attribute `rol` : value = ROLE_USER
2024-09-01 14:46:55.522 DEBUG 37840 --- [http-nio-8080-exec-8] o.h.engine.internal.TwoPhaseLoad         : Attribute (`rol`)  - enhanced for lazy-loading? - false
2024-09-01 14:46:55.522 DEBUG 37840 --- [http-nio-8080-exec-8] o.h.engine.internal.TwoPhaseLoad         : Done materializing entity [mvc.moiso.modelos.Empleado#22]
2024-09-01 14:46:55.522 DEBUG 37840 --- [http-nio-8080-exec-8] o.h.engine.internal.TwoPhaseLoad         : Resolving attributes for [mvc.moiso.modelos.Empleado#29]
2024-09-01 14:46:55.522 DEBUG 37840 --- [http-nio-8080-exec-8] o.h.engine.internal.TwoPhaseLoad         : Processing attribute `correo` : value = mt@correo.co
2024-09-01 14:46:55.522 DEBUG 37840 --- [http-nio-8080-exec-8] o.h.engine.internal.TwoPhaseLoad         : Attribute (`correo`)  - enhanced for lazy-loading? - false
2024-09-01 14:46:55.522 DEBUG 37840 --- [http-nio-8080-exec-8] o.h.engine.internal.TwoPhaseLoad         : Processing attribute `empresa` : value = 4
2024-09-01 14:46:55.522 DEBUG 37840 --- [http-nio-8080-exec-8] o.h.engine.internal.TwoPhaseLoad         : Attribute (`empresa`)  - enhanced for lazy-loading? - false
2024-09-01 14:46:55.522 DEBUG 37840 --- [http-nio-8080-exec-8] o.h.engine.internal.TwoPhaseLoad         : Processing attribute `estado` : value = true
2024-09-01 14:46:55.522 DEBUG 37840 --- [http-nio-8080-exec-8] o.h.engine.internal.TwoPhaseLoad         : Attribute (`estado`)  - enhanced for lazy-loading? - false
2024-09-01 14:46:55.522 DEBUG 37840 --- [http-nio-8080-exec-8] o.h.engine.internal.TwoPhaseLoad         : Processing attribute `nombre` : value = Mike Tyson
2024-09-01 14:46:55.522 DEBUG 37840 --- [http-nio-8080-exec-8] o.h.engine.internal.TwoPhaseLoad         : Attribute (`nombre`)  - enhanced for lazy-loading? - false
2024-09-01 14:46:55.522 DEBUG 37840 --- [http-nio-8080-exec-8] o.h.engine.internal.TwoPhaseLoad         : Processing attribute `password` : value = $2a$10$nonvadYKOyvnkK0NsONOseSAQcC4/9N6fTce5KZ4c61DpLxW3C1SS
2024-09-01 14:46:55.522 DEBUG 37840 --- [http-nio-8080-exec-8] o.h.engine.internal.TwoPhaseLoad         : Attribute (`password`)  - enhanced for lazy-loading? - false
2024-09-01 14:46:55.522 DEBUG 37840 --- [http-nio-8080-exec-8] o.h.engine.internal.TwoPhaseLoad         : Processing attribute `rol` : value = ROLE_ADMIN
2024-09-01 14:46:55.522 DEBUG 37840 --- [http-nio-8080-exec-8] o.h.engine.internal.TwoPhaseLoad         : Attribute (`rol`)  - enhanced for lazy-loading? - false
2024-09-01 14:46:55.522 DEBUG 37840 --- [http-nio-8080-exec-8] o.h.engine.internal.TwoPhaseLoad         : Done materializing entity [mvc.moiso.modelos.Empleado#29]
2024-09-01 14:46:55.523 DEBUG 37840 --- [http-nio-8080-exec-8] o.h.e.t.internal.TransactionImpl         : committing
2024-09-01 14:46:59.354 DEBUG 37840 --- [http-nio-8080-exec-9] o.h.e.t.internal.TransactionImpl         : On TransactionImpl creation, JpaCompliance#isJpaTransactionComplianceEnabled == false
2024-09-01 14:46:59.354 DEBUG 37840 --- [http-nio-8080-exec-9] o.h.e.t.internal.TransactionImpl         : begin
2024-09-01 14:46:59.356 DEBUG 37840 --- [http-nio-8080-exec-9] org.hibernate.SQL                        : select empleado0_.id as id1_0_0_, empleado0_.correo as correo2_0_0_, empleado0_.empresa_id as empresa_7_0_0_, empleado0_.estado as estado3_0_0_, empleado0_.nombre as nombre4_0_0_, empleado0_.password as password5_0_0_, empleado0_.rol as rol6_0_0_, empresa1_.id as id1_1_1_, empresa1_.nit as nit2_1_1_, empresa1_.direccion as direccio3_1_1_, empresa1_.nombre as nombre4_1_1_, empresa1_.telefono as telefono5_1_1_ from empleados empleado0_ left outer join empresa empresa1_ on empleado0_.empresa_id=empresa1_.id where empleado0_.id=?
2024-09-01 14:46:59.356 TRACE 37840 --- [http-nio-8080-exec-9] o.h.type.descriptor.sql.BasicBinder      : binding parameter [1] as [INTEGER] - [2]
2024-09-01 14:46:59.472 TRACE 37840 --- [http-nio-8080-exec-9] o.h.type.descriptor.sql.BasicExtractor   : extracted value ([id1_1_1_] : [INTEGER]) - [4]
2024-09-01 14:46:59.472 DEBUG 37840 --- [http-nio-8080-exec-9] l.p.e.p.i.EntityReferenceInitializerImpl : On call to EntityIdentifierReaderImpl#resolve, EntityKey was already known; should only happen on root returns with an optional identifier specified
2024-09-01 14:46:59.472 TRACE 37840 --- [http-nio-8080-exec-9] o.h.type.descriptor.sql.BasicExtractor   : extracted value ([correo2_0_0_] : [VARCHAR]) - [mcastro@talana.com]
2024-09-01 14:46:59.472 TRACE 37840 --- [http-nio-8080-exec-9] o.h.type.descriptor.sql.BasicExtractor   : extracted value ([empresa_7_0_0_] : [INTEGER]) - [4]
2024-09-01 14:46:59.472 TRACE 37840 --- [http-nio-8080-exec-9] o.h.type.descriptor.sql.BasicExtractor   : extracted value ([estado3_0_0_] : [BOOLEAN]) - [true]
2024-09-01 14:46:59.473 TRACE 37840 --- [http-nio-8080-exec-9] o.h.type.descriptor.sql.BasicExtractor   : extracted value ([nombre4_0_0_] : [VARCHAR]) - [David Castro]
2024-09-01 14:46:59.473 TRACE 37840 --- [http-nio-8080-exec-9] o.h.type.descriptor.sql.BasicExtractor   : extracted value ([password5_0_0_] : [VARCHAR]) - [$2a$10$xRMJJFfsrkS5iLx2CziXS.6oyGf23Mvy2KWWDDGG2ZUYaxWtnJsfi]
2024-09-01 14:46:59.473 TRACE 37840 --- [http-nio-8080-exec-9] o.h.type.descriptor.sql.BasicExtractor   : extracted value ([rol6_0_0_] : [VARCHAR]) - [ROLE_ADMIN]
2024-09-01 14:46:59.473 TRACE 37840 --- [http-nio-8080-exec-9] o.h.type.descriptor.sql.BasicExtractor   : extracted value ([nit2_1_1_] : [VARCHAR]) - [789-56]
2024-09-01 14:46:59.473 TRACE 37840 --- [http-nio-8080-exec-9] o.h.type.descriptor.sql.BasicExtractor   : extracted value ([direccio3_1_1_] : [VARCHAR]) - [Chile ]
2024-09-01 14:46:59.473 TRACE 37840 --- [http-nio-8080-exec-9] o.h.type.descriptor.sql.BasicExtractor   : extracted value ([nombre4_1_1_] : [VARCHAR]) - [Talana ]
2024-09-01 14:46:59.473 TRACE 37840 --- [http-nio-8080-exec-9] o.h.type.descriptor.sql.BasicExtractor   : extracted value ([telefono5_1_1_] : [VARCHAR]) - [0000000]
2024-09-01 14:46:59.473 DEBUG 37840 --- [http-nio-8080-exec-9] o.h.engine.internal.TwoPhaseLoad         : Resolving attributes for [mvc.moiso.modelos.Empleado#2]
2024-09-01 14:46:59.473 DEBUG 37840 --- [http-nio-8080-exec-9] o.h.engine.internal.TwoPhaseLoad         : Processing attribute `correo` : value = mcastro@talana.com
2024-09-01 14:46:59.473 DEBUG 37840 --- [http-nio-8080-exec-9] o.h.engine.internal.TwoPhaseLoad         : Attribute (`correo`)  - enhanced for lazy-loading? - false
2024-09-01 14:46:59.473 DEBUG 37840 --- [http-nio-8080-exec-9] o.h.engine.internal.TwoPhaseLoad         : Processing attribute `empresa` : value = 4
2024-09-01 14:46:59.473 DEBUG 37840 --- [http-nio-8080-exec-9] o.h.engine.internal.TwoPhaseLoad         : Attribute (`empresa`)  - enhanced for lazy-loading? - false
2024-09-01 14:46:59.473 DEBUG 37840 --- [http-nio-8080-exec-9] o.h.engine.internal.TwoPhaseLoad         : Processing attribute `estado` : value = true
2024-09-01 14:46:59.473 DEBUG 37840 --- [http-nio-8080-exec-9] o.h.engine.internal.TwoPhaseLoad         : Attribute (`estado`)  - enhanced for lazy-loading? - false
2024-09-01 14:46:59.473 DEBUG 37840 --- [http-nio-8080-exec-9] o.h.engine.internal.TwoPhaseLoad         : Processing attribute `nombre` : value = David Castro
2024-09-01 14:46:59.473 DEBUG 37840 --- [http-nio-8080-exec-9] o.h.engine.internal.TwoPhaseLoad         : Attribute (`nombre`)  - enhanced for lazy-loading? - false
2024-09-01 14:46:59.473 DEBUG 37840 --- [http-nio-8080-exec-9] o.h.engine.internal.TwoPhaseLoad         : Processing attribute `password` : value = $2a$10$xRMJJFfsrkS5iLx2CziXS.6oyGf23Mvy2KWWDDGG2ZUYaxWtnJsfi
2024-09-01 14:46:59.473 DEBUG 37840 --- [http-nio-8080-exec-9] o.h.engine.internal.TwoPhaseLoad         : Attribute (`password`)  - enhanced for lazy-loading? - false
2024-09-01 14:46:59.473 DEBUG 37840 --- [http-nio-8080-exec-9] o.h.engine.internal.TwoPhaseLoad         : Processing attribute `rol` : value = ROLE_ADMIN
2024-09-01 14:46:59.473 DEBUG 37840 --- [http-nio-8080-exec-9] o.h.engine.internal.TwoPhaseLoad         : Attribute (`rol`)  - enhanced for lazy-loading? - false
2024-09-01 14:46:59.473 DEBUG 37840 --- [http-nio-8080-exec-9] o.h.engine.internal.TwoPhaseLoad         : Done materializing entity [mvc.moiso.modelos.Empleado#2]
2024-09-01 14:46:59.473 DEBUG 37840 --- [http-nio-8080-exec-9] o.h.engine.internal.TwoPhaseLoad         : Resolving attributes for [mvc.moiso.modelos.Empresa#4]
2024-09-01 14:46:59.473 DEBUG 37840 --- [http-nio-8080-exec-9] o.h.engine.internal.TwoPhaseLoad         : Processing attribute `NIT` : value = 789-56
2024-09-01 14:46:59.473 DEBUG 37840 --- [http-nio-8080-exec-9] o.h.engine.internal.TwoPhaseLoad         : Attribute (`NIT`)  - enhanced for lazy-loading? - false
2024-09-01 14:46:59.473 DEBUG 37840 --- [http-nio-8080-exec-9] o.h.engine.internal.TwoPhaseLoad         : Processing attribute `direccion` : value = Chile 
2024-09-01 14:46:59.473 DEBUG 37840 --- [http-nio-8080-exec-9] o.h.engine.internal.TwoPhaseLoad         : Attribute (`direccion`)  - enhanced for lazy-loading? - false
2024-09-01 14:46:59.473 DEBUG 37840 --- [http-nio-8080-exec-9] o.h.engine.internal.TwoPhaseLoad         : Processing attribute `nombre` : value = Talana 
2024-09-01 14:46:59.473 DEBUG 37840 --- [http-nio-8080-exec-9] o.h.engine.internal.TwoPhaseLoad         : Attribute (`nombre`)  - enhanced for lazy-loading? - false
2024-09-01 14:46:59.473 DEBUG 37840 --- [http-nio-8080-exec-9] o.h.engine.internal.TwoPhaseLoad         : Processing attribute `telefono` : value = 0000000
2024-09-01 14:46:59.473 DEBUG 37840 --- [http-nio-8080-exec-9] o.h.engine.internal.TwoPhaseLoad         : Attribute (`telefono`)  - enhanced for lazy-loading? - false
2024-09-01 14:46:59.473 DEBUG 37840 --- [http-nio-8080-exec-9] o.h.engine.internal.TwoPhaseLoad         : Done materializing entity [mvc.moiso.modelos.Empresa#4]
2024-09-01 14:46:59.473 DEBUG 37840 --- [http-nio-8080-exec-9] .l.e.p.AbstractLoadPlanBasedEntityLoader : Done entity load : mvc.moiso.modelos.Empleado#2
2024-09-01 14:46:59.473 DEBUG 37840 --- [http-nio-8080-exec-9] o.h.e.t.internal.TransactionImpl         : committing
2024-09-01 14:46:59.591 DEBUG 37840 --- [http-nio-8080-exec-9] o.h.e.t.internal.TransactionImpl         : begin
2024-09-01 14:46:59.604 DEBUG 37840 --- [http-nio-8080-exec-9] h.e.i.EntityCopyObserverFactoryInitiator : Configured EntityCopyObserver strategy: disallow
2024-09-01 14:46:59.615 DEBUG 37840 --- [http-nio-8080-exec-9] org.hibernate.loader.Loader              : Static select for action ACTION_MERGE on entity mvc.moiso.modelos.Movimiento: select movimiento0_.id as id1_2_0_, movimiento0_.concepto as concepto2_2_0_, movimiento0_.fecha as fecha3_2_0_, movimiento0_.monto as monto4_2_0_, movimiento0_.empleado_id as empleado5_2_0_ from movimientos movimiento0_ where movimiento0_.id=?
2024-09-01 14:46:59.615 DEBUG 37840 --- [http-nio-8080-exec-9] org.hibernate.loader.Loader              : Loading entity: [mvc.moiso.modelos.Movimiento#16]
2024-09-01 14:46:59.616 DEBUG 37840 --- [http-nio-8080-exec-9] org.hibernate.SQL                        : select movimiento0_.id as id1_2_0_, movimiento0_.concepto as concepto2_2_0_, movimiento0_.fecha as fecha3_2_0_, movimiento0_.monto as monto4_2_0_, movimiento0_.empleado_id as empleado5_2_0_ from movimientos movimiento0_ where movimiento0_.id=?
2024-09-01 14:46:59.616 TRACE 37840 --- [http-nio-8080-exec-9] o.h.type.descriptor.sql.BasicBinder      : binding parameter [1] as [INTEGER] - [16]
2024-09-01 14:46:59.735 DEBUG 37840 --- [http-nio-8080-exec-9] org.hibernate.loader.Loader              : Result set row: 0
2024-09-01 14:46:59.735 DEBUG 37840 --- [http-nio-8080-exec-9] org.hibernate.loader.Loader              : Result row: EntityKey[mvc.moiso.modelos.Movimiento#16]
2024-09-01 14:46:59.735 TRACE 37840 --- [http-nio-8080-exec-9] o.h.type.descriptor.sql.BasicExtractor   : extracted value ([concepto2_2_0_] : [VARCHAR]) - [8]
2024-09-01 14:46:59.735 TRACE 37840 --- [http-nio-8080-exec-9] o.h.type.descriptor.sql.BasicExtractor   : extracted value ([fecha3_2_0_] : [TIMESTAMP]) - [2024-04-07 00:00:00.0]
2024-09-01 14:46:59.735 TRACE 37840 --- [http-nio-8080-exec-9] o.h.type.descriptor.sql.BasicExtractor   : extracted value ([monto4_2_0_] : [BIGINT]) - [899000]
2024-09-01 14:46:59.735 TRACE 37840 --- [http-nio-8080-exec-9] o.h.type.descriptor.sql.BasicExtractor   : extracted value ([empleado5_2_0_] : [INTEGER]) - [2]
2024-09-01 14:46:59.735 DEBUG 37840 --- [http-nio-8080-exec-9] o.h.engine.internal.TwoPhaseLoad         : Resolving attributes for [mvc.moiso.modelos.Movimiento#16]
2024-09-01 14:46:59.735 DEBUG 37840 --- [http-nio-8080-exec-9] o.h.engine.internal.TwoPhaseLoad         : Processing attribute `concepto` : value = 8
2024-09-01 14:46:59.735 DEBUG 37840 --- [http-nio-8080-exec-9] o.h.engine.internal.TwoPhaseLoad         : Attribute (`concepto`)  - enhanced for lazy-loading? - false
2024-09-01 14:46:59.735 DEBUG 37840 --- [http-nio-8080-exec-9] o.h.engine.internal.TwoPhaseLoad         : Processing attribute `fecha` : value = 2024-04-07 00:00:00.0
2024-09-01 14:46:59.735 DEBUG 37840 --- [http-nio-8080-exec-9] o.h.engine.internal.TwoPhaseLoad         : Attribute (`fecha`)  - enhanced for lazy-loading? - false
2024-09-01 14:46:59.735 DEBUG 37840 --- [http-nio-8080-exec-9] o.h.engine.internal.TwoPhaseLoad         : Processing attribute `monto` : value = 899000
2024-09-01 14:46:59.735 DEBUG 37840 --- [http-nio-8080-exec-9] o.h.engine.internal.TwoPhaseLoad         : Attribute (`monto`)  - enhanced for lazy-loading? - false
2024-09-01 14:46:59.735 DEBUG 37840 --- [http-nio-8080-exec-9] o.h.engine.internal.TwoPhaseLoad         : Processing attribute `usuario` : value = 2
2024-09-01 14:46:59.735 DEBUG 37840 --- [http-nio-8080-exec-9] o.h.engine.internal.TwoPhaseLoad         : Attribute (`usuario`)  - enhanced for lazy-loading? - false
2024-09-01 14:46:59.737 DEBUG 37840 --- [http-nio-8080-exec-9] o.h.engine.internal.TwoPhaseLoad         : Done materializing entity [mvc.moiso.modelos.Movimiento#16]
2024-09-01 14:46:59.737 DEBUG 37840 --- [http-nio-8080-exec-9] org.hibernate.loader.Loader              : Done entity load
2024-09-01 14:46:59.751 DEBUG 37840 --- [http-nio-8080-exec-9] o.h.e.t.internal.TransactionImpl         : committing
2024-09-01 14:46:59.751 DEBUG 37840 --- [http-nio-8080-exec-9] o.h.e.i.AbstractFlushingEventListener    : Processing flush-time cascades
2024-09-01 14:46:59.752 DEBUG 37840 --- [http-nio-8080-exec-9] o.h.e.i.AbstractFlushingEventListener    : Dirty checking collections
2024-09-01 14:46:59.790 DEBUG 37840 --- [http-nio-8080-exec-9] o.h.e.i.AbstractFlushingEventListener    : Flushed: 0 insertions, 1 updates, 0 deletions to 3 objects
2024-09-01 14:46:59.790 DEBUG 37840 --- [http-nio-8080-exec-9] o.h.e.i.AbstractFlushingEventListener    : Flushed: 0 (re)creations, 0 updates, 0 removals to 0 collections
2024-09-01 14:46:59.791 DEBUG 37840 --- [http-nio-8080-exec-9] o.hibernate.internal.util.EntityPrinter  : Listing entities:
2024-09-01 14:46:59.791 DEBUG 37840 --- [http-nio-8080-exec-9] o.hibernate.internal.util.EntityPrinter  : mvc.moiso.modelos.Movimiento{fecha=Sun Apr 07 00:00:00 COT 2024, monto=89900, concepto=8, usuario=mvc.moiso.modelos.Empleado#2, id=16}
2024-09-01 14:46:59.791 DEBUG 37840 --- [http-nio-8080-exec-9] o.hibernate.internal.util.EntityPrinter  : mvc.moiso.modelos.Empresa{NIT=789-56, direccion=Chile , id=4, telefono=0000000, nombre=Talana }
2024-09-01 14:46:59.791 DEBUG 37840 --- [http-nio-8080-exec-9] o.hibernate.internal.util.EntityPrinter  : mvc.moiso.modelos.Empleado{estado=true, password=$2a$10$xRMJJFfsrkS5iLx2CziXS.6oyGf23Mvy2KWWDDGG2ZUYaxWtnJsfi, correo=mcastro@talana.com, id=2, empresa=mvc.moiso.modelos.Empresa#4, nombre=David Castro, rol=ROLE_ADMIN}
2024-09-01 14:46:59.795 DEBUG 37840 --- [http-nio-8080-exec-9] org.hibernate.SQL                        : update movimientos set concepto=?, fecha=?, monto=?, empleado_id=? where id=?
2024-09-01 14:46:59.795 TRACE 37840 --- [http-nio-8080-exec-9] o.h.type.descriptor.sql.BasicBinder      : binding parameter [1] as [VARCHAR] - [8]
2024-09-01 14:46:59.796 TRACE 37840 --- [http-nio-8080-exec-9] o.h.type.descriptor.sql.BasicBinder      : binding parameter [2] as [TIMESTAMP] - [Sun Apr 07 00:00:00 COT 2024]
2024-09-01 14:46:59.796 TRACE 37840 --- [http-nio-8080-exec-9] o.h.type.descriptor.sql.BasicBinder      : binding parameter [3] as [BIGINT] - [89900]
2024-09-01 14:46:59.796 TRACE 37840 --- [http-nio-8080-exec-9] o.h.type.descriptor.sql.BasicBinder      : binding parameter [4] as [INTEGER] - [2]
2024-09-01 14:46:59.796 TRACE 37840 --- [http-nio-8080-exec-9] o.h.type.descriptor.sql.BasicBinder      : binding parameter [5] as [INTEGER] - [16]
2024-09-01 14:47:00.048 DEBUG 37840 --- [http-nio-8080-exec-9] o.h.e.t.internal.TransactionImpl         : begin
2024-09-01 14:47:00.049 DEBUG 37840 --- [http-nio-8080-exec-9] o.h.e.t.internal.TransactionImpl         : committing
2024-09-01 14:47:00.068 DEBUG 37840 --- [http-nio-8080-exec-9] o.h.e.jdbc.internal.JdbcCoordinatorImpl  : HHH000420: Closing un-released batch
2024-09-01 14:47:00.074 DEBUG 37840 --- [http-nio-8080-exec-6] o.h.e.t.internal.TransactionImpl         : On TransactionImpl creation, JpaCompliance#isJpaTransactionComplianceEnabled == false
2024-09-01 14:47:00.074 DEBUG 37840 --- [http-nio-8080-exec-6] o.h.e.t.internal.TransactionImpl         : begin
2024-09-01 14:47:00.075 DEBUG 37840 --- [http-nio-8080-exec-6] o.h.q.c.internal.CriteriaQueryImpl       : Rendered criteria query -> select generatedAlias0 from Movimiento as generatedAlias0
2024-09-01 14:47:00.075 DEBUG 37840 --- [http-nio-8080-exec-6] org.hibernate.SQL                        : select movimiento0_.id as id1_2_, movimiento0_.concepto as concepto2_2_, movimiento0_.fecha as fecha3_2_, movimiento0_.monto as monto4_2_, movimiento0_.empleado_id as empleado5_2_ from movimientos movimiento0_ limit ? offset ?
2024-09-01 14:47:00.191 DEBUG 37840 --- [http-nio-8080-exec-6] o.h.q.c.internal.CriteriaQueryImpl       : Rendered criteria query -> select count(generatedAlias0) from Movimiento as generatedAlias0
2024-09-01 14:47:00.191 DEBUG 37840 --- [http-nio-8080-exec-6] org.hibernate.SQL                        : select count(movimiento0_.id) as col_0_0_ from movimientos movimiento0_
2024-09-01 14:47:00.307 DEBUG 37840 --- [http-nio-8080-exec-6] org.hibernate.loader.Loader              : Result set row: 0
2024-09-01 14:47:00.307 DEBUG 37840 --- [http-nio-8080-exec-6] org.hibernate.loader.Loader              : Result row: 
2024-09-01 14:47:00.307 TRACE 37840 --- [http-nio-8080-exec-6] o.h.type.descriptor.sql.BasicExtractor   : extracted value ([col_0_0_] : [BIGINT]) - [4]
2024-09-01 14:47:00.307 DEBUG 37840 --- [http-nio-8080-exec-6] o.h.e.t.internal.TransactionImpl         : committing
2024-09-01 14:47:00.424 DEBUG 37840 --- [http-nio-8080-exec-6] org.hibernate.SQL                        : SELECT SUM(monto) from movimientos
2024-09-01 14:47:00.542 DEBUG 37840 --- [http-nio-8080-exec-6] org.hibernate.loader.Loader              : Result set row: 0
2024-09-01 14:47:00.542 DEBUG 37840 --- [http-nio-8080-exec-6] org.hibernate.loader.Loader              : Result row: 
2024-09-01 14:47:00.542 TRACE 37840 --- [http-nio-8080-exec-6] o.h.type.descriptor.sql.BasicExtractor   : extracted value ([sum] : [NUMERIC]) - [1071900]
2024-09-01 14:47:03.661 DEBUG 37840 --- [HikariPool-1 housekeeper] com.zaxxer.hikari.pool.HikariPool        : HikariPool-1 - keepalive: connection org.postgresql.jdbc.PgConnection@3d4f4438 is alive
2024-09-01 14:47:10.330 DEBUG 37840 --- [HikariPool-1 housekeeper] com.zaxxer.hikari.pool.HikariPool        : HikariPool-1 - keepalive: connection org.postgresql.jdbc.PgConnection@12fb85f6 is alive
2024-09-01 14:47:15.390 DEBUG 37840 --- [HikariPool-1 housekeeper] com.zaxxer.hikari.pool.HikariPool        : HikariPool-1 - Before cleanup stats (total=5, active=0, idle=5, waiting=0)
2024-09-01 14:47:15.390 DEBUG 37840 --- [HikariPool-1 housekeeper] com.zaxxer.hikari.pool.HikariPool        : HikariPool-1 - After cleanup  stats (total=5, active=0, idle=5, waiting=0)
2024-09-01 14:47:15.390 DEBUG 37840 --- [HikariPool-1 housekeeper] com.zaxxer.hikari.pool.HikariPool        : HikariPool-1 - Fill pool skipped, pool is at sufficient level.
2024-09-01 14:47:45.401 DEBUG 37840 --- [HikariPool-1 housekeeper] com.zaxxer.hikari.pool.HikariPool        : HikariPool-1 - Before cleanup stats (total=5, active=0, idle=5, waiting=0)
2024-09-01 14:47:45.401 DEBUG 37840 --- [HikariPool-1 housekeeper] com.zaxxer.hikari.pool.HikariPool        : HikariPool-1 - After cleanup  stats (total=5, active=0, idle=5, waiting=0)
2024-09-01 14:47:45.402 DEBUG 37840 --- [HikariPool-1 housekeeper] com.zaxxer.hikari.pool.HikariPool        : HikariPool-1 - Fill pool skipped, pool is at sufficient level.
2024-09-01 14:48:15.403 DEBUG 37840 --- [HikariPool-1 housekeeper] com.zaxxer.hikari.pool.HikariPool        : HikariPool-1 - Before cleanup stats (total=5, active=0, idle=5, waiting=0)
2024-09-01 14:48:15.403 DEBUG 37840 --- [HikariPool-1 housekeeper] com.zaxxer.hikari.pool.HikariPool        : HikariPool-1 - After cleanup  stats (total=5, active=0, idle=5, waiting=0)
2024-09-01 14:48:15.404 DEBUG 37840 --- [HikariPool-1 housekeeper] com.zaxxer.hikari.pool.HikariPool        : HikariPool-1 - Fill pool skipped, pool is at sufficient level.
2024-09-01 14:48:45.404 DEBUG 37840 --- [HikariPool-1 housekeeper] com.zaxxer.hikari.pool.HikariPool        : HikariPool-1 - Before cleanup stats (total=5, active=0, idle=5, waiting=0)
2024-09-01 14:48:45.405 DEBUG 37840 --- [HikariPool-1 housekeeper] com.zaxxer.hikari.pool.HikariPool        : HikariPool-1 - After cleanup  stats (total=5, active=0, idle=5, waiting=0)
2024-09-01 14:48:45.405 DEBUG 37840 --- [HikariPool-1 housekeeper] com.zaxxer.hikari.pool.HikariPool        : HikariPool-1 - Fill pool skipped, pool is at sufficient level.
2024-09-01 14:48:58.726 DEBUG 37840 --- [http-nio-8080-exec-4] o.h.e.t.internal.TransactionImpl         : On TransactionImpl creation, JpaCompliance#isJpaTransactionComplianceEnabled == false
2024-09-01 14:48:58.726 DEBUG 37840 --- [http-nio-8080-exec-4] o.h.e.t.internal.TransactionImpl         : begin
2024-09-01 14:48:58.726 DEBUG 37840 --- [http-nio-8080-exec-4] o.h.q.c.internal.CriteriaQueryImpl       : Rendered criteria query -> select generatedAlias0 from Movimiento as generatedAlias0
2024-09-01 14:48:58.727 DEBUG 37840 --- [http-nio-8080-exec-4] org.hibernate.SQL                        : select movimiento0_.id as id1_2_, movimiento0_.concepto as concepto2_2_, movimiento0_.fecha as fecha3_2_, movimiento0_.monto as monto4_2_, movimiento0_.empleado_id as empleado5_2_ from movimientos movimiento0_ limit ? offset ?
2024-09-01 14:48:58.843 DEBUG 37840 --- [http-nio-8080-exec-4] o.h.q.c.internal.CriteriaQueryImpl       : Rendered criteria query -> select count(generatedAlias0) from Movimiento as generatedAlias0
2024-09-01 14:48:58.843 DEBUG 37840 --- [http-nio-8080-exec-4] org.hibernate.SQL                        : select count(movimiento0_.id) as col_0_0_ from movimientos movimiento0_
2024-09-01 14:48:58.960 DEBUG 37840 --- [http-nio-8080-exec-4] org.hibernate.loader.Loader              : Result set row: 0
2024-09-01 14:48:58.961 DEBUG 37840 --- [http-nio-8080-exec-4] org.hibernate.loader.Loader              : Result row: 
2024-09-01 14:48:58.961 TRACE 37840 --- [http-nio-8080-exec-4] o.h.type.descriptor.sql.BasicExtractor   : extracted value ([col_0_0_] : [BIGINT]) - [4]
2024-09-01 14:48:58.961 DEBUG 37840 --- [http-nio-8080-exec-4] o.h.e.t.internal.TransactionImpl         : committing
2024-09-01 14:48:59.076 DEBUG 37840 --- [http-nio-8080-exec-4] org.hibernate.SQL                        : SELECT SUM(monto) from movimientos
2024-09-01 14:48:59.194 DEBUG 37840 --- [http-nio-8080-exec-4] org.hibernate.loader.Loader              : Result set row: 0
2024-09-01 14:48:59.194 DEBUG 37840 --- [http-nio-8080-exec-4] org.hibernate.loader.Loader              : Result row: 
2024-09-01 14:48:59.194 TRACE 37840 --- [http-nio-8080-exec-4] o.h.type.descriptor.sql.BasicExtractor   : extracted value ([sum] : [NUMERIC]) - [1071900]
2024-09-01 14:49:01.352 DEBUG 37840 --- [http-nio-8080-exec-5] o.h.e.t.internal.TransactionImpl         : On TransactionImpl creation, JpaCompliance#isJpaTransactionComplianceEnabled == false
2024-09-01 14:49:01.352 DEBUG 37840 --- [http-nio-8080-exec-5] o.h.e.t.internal.TransactionImpl         : begin
2024-09-01 14:49:01.352 DEBUG 37840 --- [http-nio-8080-exec-5] o.h.q.c.internal.CriteriaQueryImpl       : Rendered criteria query -> select generatedAlias0 from Empresa as generatedAlias0
2024-09-01 14:49:01.354 DEBUG 37840 --- [http-nio-8080-exec-5] o.h.h.internal.ast.QueryTranslatorImpl   : parse() - HQL: select generatedAlias0 from mvc.moiso.modelos.Empresa as generatedAlias0
2024-09-01 14:49:01.354 DEBUG 37840 --- [http-nio-8080-exec-5] o.h.hql.internal.ast.ErrorTracker        : throwQueryException() : no errors
2024-09-01 14:49:01.354 DEBUG 37840 --- [http-nio-8080-exec-5] o.h.h.internal.ast.QueryTranslatorImpl   : --- HQL AST ---
 \-[QUERY] Node: 'query'
    \-[SELECT_FROM] Node: 'SELECT_FROM'
       +-[FROM] Node: 'from'
       |  \-[RANGE] Node: 'RANGE'
       |     +-[DOT] Node: '.'
       |     |  +-[DOT] Node: '.'
       |     |  |  +-[DOT] Node: '.'
       |     |  |  |  +-[IDENT] Node: 'mvc'
       |     |  |  |  \-[IDENT] Node: 'moiso'
       |     |  |  \-[IDENT] Node: 'modelos'
       |     |  \-[IDENT] Node: 'Empresa'
       |     \-[ALIAS] Node: 'generatedAlias0'
       \-[SELECT] Node: 'select'
          \-[IDENT] Node: 'generatedAlias0'

2024-09-01 14:49:01.354 DEBUG 37840 --- [http-nio-8080-exec-5] o.h.hql.internal.antlr.HqlSqlBaseWalker  : select << begin [level=1, statement=select]
2024-09-01 14:49:01.354 DEBUG 37840 --- [http-nio-8080-exec-5] o.h.hql.internal.ast.tree.FromElement    : FromClause{level=1} : mvc.moiso.modelos.Empresa (generatedAlias0) -> empresa0_
2024-09-01 14:49:01.355 DEBUG 37840 --- [http-nio-8080-exec-5] o.h.h.i.ast.tree.FromReferenceNode       : Resolved : generatedAlias0 -> empresa0_.id
2024-09-01 14:49:01.355 DEBUG 37840 --- [http-nio-8080-exec-5] o.h.hql.internal.antlr.HqlSqlBaseWalker  : select : finishing up [level=1, statement=select]
2024-09-01 14:49:01.355 DEBUG 37840 --- [http-nio-8080-exec-5] o.h.hql.internal.ast.HqlSqlWalker        : processQuery() :  ( SELECT ( {select clause} empresa0_.id ) ( FromClause{level=1} empresa empresa0_ ) )
2024-09-01 14:49:01.355 DEBUG 37840 --- [http-nio-8080-exec-5] o.h.hql.internal.ast.util.JoinProcessor  : Tables referenced from query nodes:
 \-QueryNode
    +-SelectClause
    | referencedTables(entity Empresa): [empresa]
    |  +-IdentNode
    |  | persister: SingleTableEntityPersister(mvc.moiso.modelos.Empresa)
    |  | originalText: generatedAlias0
    |  \-SqlFragment
    \-FromClause
       \-FromElement

2024-09-01 14:49:01.355 DEBUG 37840 --- [http-nio-8080-exec-5] o.h.hql.internal.ast.util.JoinProcessor  : Using FROM fragment [empresa empresa0_]
2024-09-01 14:49:01.355 DEBUG 37840 --- [http-nio-8080-exec-5] o.h.hql.internal.antlr.HqlSqlBaseWalker  : select >> end [level=1, statement=select]
2024-09-01 14:49:01.355 DEBUG 37840 --- [http-nio-8080-exec-5] o.h.h.internal.ast.QueryTranslatorImpl   : --- SQL AST ---
 \-[SELECT] QueryNode: 'SELECT'  querySpaces (empresa)
    +-[SELECT_CLAUSE] SelectClause: '{select clause}'
    |  +-[ALIAS_REF] IdentNode: 'empresa0_.id as id1_1_' {alias=generatedAlias0, className=mvc.moiso.modelos.Empresa, tableAlias=empresa0_}
    |  \-[SQL_TOKEN] SqlFragment: 'empresa0_.nit as nit2_1_, empresa0_.direccion as direccio3_1_, empresa0_.nombre as nombre4_1_, empresa0_.telefono as telefono5_1_'
    \-[FROM] FromClause: 'from' FromClause{level=1, fromElementCounter=1, fromElements=1, fromElementByClassAlias=[generatedAlias0], fromElementByTableAlias=[empresa0_], fromElementsByPath=[], collectionJoinFromElementsByPath=[], impliedElements=[]}
       \-[FROM_FRAGMENT] FromElement: 'empresa empresa0_' FromElement{explicit,not a collection join,not a fetch join,fetch non-lazy properties,classAlias=generatedAlias0,role=null,tableName=empresa,tableAlias=empresa0_,origin=null,columns={,className=mvc.moiso.modelos.Empresa}}

2024-09-01 14:49:01.355 DEBUG 37840 --- [http-nio-8080-exec-5] o.h.hql.internal.ast.ErrorTracker        : throwQueryException() : no errors
2024-09-01 14:49:01.355 DEBUG 37840 --- [http-nio-8080-exec-5] o.h.h.internal.ast.QueryTranslatorImpl   : HQL: select generatedAlias0 from mvc.moiso.modelos.Empresa as generatedAlias0
2024-09-01 14:49:01.355 DEBUG 37840 --- [http-nio-8080-exec-5] o.h.h.internal.ast.QueryTranslatorImpl   : SQL: select empresa0_.id as id1_1_, empresa0_.nit as nit2_1_, empresa0_.direccion as direccio3_1_, empresa0_.nombre as nombre4_1_, empresa0_.telefono as telefono5_1_ from empresa empresa0_
2024-09-01 14:49:01.355 DEBUG 37840 --- [http-nio-8080-exec-5] o.h.hql.internal.ast.ErrorTracker        : throwQueryException() : no errors
2024-09-01 14:49:01.356 DEBUG 37840 --- [http-nio-8080-exec-5] org.hibernate.SQL                        : select empresa0_.id as id1_1_, empresa0_.nit as nit2_1_, empresa0_.direccion as direccio3_1_, empresa0_.nombre as nombre4_1_, empresa0_.telefono as telefono5_1_ from empresa empresa0_
2024-09-01 14:49:01.472 DEBUG 37840 --- [http-nio-8080-exec-5] org.hibernate.loader.Loader              : Result set row: 0
2024-09-01 14:49:01.472 TRACE 37840 --- [http-nio-8080-exec-5] o.h.type.descriptor.sql.BasicExtractor   : extracted value ([id1_1_] : [INTEGER]) - [4]
2024-09-01 14:49:01.472 DEBUG 37840 --- [http-nio-8080-exec-5] org.hibernate.loader.Loader              : Result row: EntityKey[mvc.moiso.modelos.Empresa#4]
2024-09-01 14:49:01.472 TRACE 37840 --- [http-nio-8080-exec-5] o.h.type.descriptor.sql.BasicExtractor   : extracted value ([nit2_1_] : [VARCHAR]) - [789-56]
2024-09-01 14:49:01.472 TRACE 37840 --- [http-nio-8080-exec-5] o.h.type.descriptor.sql.BasicExtractor   : extracted value ([direccio3_1_] : [VARCHAR]) - [Chile ]
2024-09-01 14:49:01.472 TRACE 37840 --- [http-nio-8080-exec-5] o.h.type.descriptor.sql.BasicExtractor   : extracted value ([nombre4_1_] : [VARCHAR]) - [Talana ]
2024-09-01 14:49:01.473 TRACE 37840 --- [http-nio-8080-exec-5] o.h.type.descriptor.sql.BasicExtractor   : extracted value ([telefono5_1_] : [VARCHAR]) - [0000000]
2024-09-01 14:49:01.473 DEBUG 37840 --- [http-nio-8080-exec-5] org.hibernate.loader.Loader              : Result set row: 1
2024-09-01 14:49:01.473 TRACE 37840 --- [http-nio-8080-exec-5] o.h.type.descriptor.sql.BasicExtractor   : extracted value ([id1_1_] : [INTEGER]) - [8]
2024-09-01 14:49:01.473 DEBUG 37840 --- [http-nio-8080-exec-5] org.hibernate.loader.Loader              : Result row: EntityKey[mvc.moiso.modelos.Empresa#8]
2024-09-01 14:49:01.473 TRACE 37840 --- [http-nio-8080-exec-5] o.h.type.descriptor.sql.BasicExtractor   : extracted value ([nit2_1_] : [VARCHAR]) - [987456-9]
2024-09-01 14:49:01.473 TRACE 37840 --- [http-nio-8080-exec-5] o.h.type.descriptor.sql.BasicExtractor   : extracted value ([direccio3_1_] : [VARCHAR]) - [AV 42]
2024-09-01 14:49:01.473 TRACE 37840 --- [http-nio-8080-exec-5] o.h.type.descriptor.sql.BasicExtractor   : extracted value ([nombre4_1_] : [VARCHAR]) - [UNAB]
2024-09-01 14:49:01.473 TRACE 37840 --- [http-nio-8080-exec-5] o.h.type.descriptor.sql.BasicExtractor   : extracted value ([telefono5_1_] : [VARCHAR]) - [63444444]
2024-09-01 14:49:01.473 DEBUG 37840 --- [http-nio-8080-exec-5] org.hibernate.loader.Loader              : Result set row: 2
2024-09-01 14:49:01.473 TRACE 37840 --- [http-nio-8080-exec-5] o.h.type.descriptor.sql.BasicExtractor   : extracted value ([id1_1_] : [INTEGER]) - [10]
2024-09-01 14:49:01.473 DEBUG 37840 --- [http-nio-8080-exec-5] org.hibernate.loader.Loader              : Result row: EntityKey[mvc.moiso.modelos.Empresa#10]
2024-09-01 14:49:01.473 TRACE 37840 --- [http-nio-8080-exec-5] o.h.type.descriptor.sql.BasicExtractor   : extracted value ([nit2_1_] : [VARCHAR]) - [000000]
2024-09-01 14:49:01.473 TRACE 37840 --- [http-nio-8080-exec-5] o.h.type.descriptor.sql.BasicExtractor   : extracted value ([direccio3_1_] : [VARCHAR]) - [Barrio aurora ]
2024-09-01 14:49:01.473 TRACE 37840 --- [http-nio-8080-exec-5] o.h.type.descriptor.sql.BasicExtractor   : extracted value ([nombre4_1_] : [VARCHAR]) - [Unity ]
2024-09-01 14:49:01.473 TRACE 37840 --- [http-nio-8080-exec-5] o.h.type.descriptor.sql.BasicExtractor   : extracted value ([telefono5_1_] : [VARCHAR]) - [6452020]
2024-09-01 14:49:01.473 DEBUG 37840 --- [http-nio-8080-exec-5] org.hibernate.loader.Loader              : Result set row: 3
2024-09-01 14:49:01.473 TRACE 37840 --- [http-nio-8080-exec-5] o.h.type.descriptor.sql.BasicExtractor   : extracted value ([id1_1_] : [INTEGER]) - [11]
2024-09-01 14:49:01.473 DEBUG 37840 --- [http-nio-8080-exec-5] org.hibernate.loader.Loader              : Result row: EntityKey[mvc.moiso.modelos.Empresa#11]
2024-09-01 14:49:01.473 TRACE 37840 --- [http-nio-8080-exec-5] o.h.type.descriptor.sql.BasicExtractor   : extracted value ([nit2_1_] : [VARCHAR]) - [987456-2]
2024-09-01 14:49:01.473 TRACE 37840 --- [http-nio-8080-exec-5] o.h.type.descriptor.sql.BasicExtractor   : extracted value ([direccio3_1_] : [VARCHAR]) - [CR 27 CON CALLE 21 ]
2024-09-01 14:49:01.473 TRACE 37840 --- [http-nio-8080-exec-5] o.h.type.descriptor.sql.BasicExtractor   : extracted value ([nombre4_1_] : [VARCHAR]) - [MAS POR MENOS SUPERMERCADO]
2024-09-01 14:49:01.473 TRACE 37840 --- [http-nio-8080-exec-5] o.h.type.descriptor.sql.BasicExtractor   : extracted value ([telefono5_1_] : [VARCHAR]) - [6400000]
2024-09-01 14:49:01.473 DEBUG 37840 --- [http-nio-8080-exec-5] org.hibernate.loader.Loader              : Result set row: 4
2024-09-01 14:49:01.473 TRACE 37840 --- [http-nio-8080-exec-5] o.h.type.descriptor.sql.BasicExtractor   : extracted value ([id1_1_] : [INTEGER]) - [12]
2024-09-01 14:49:01.473 DEBUG 37840 --- [http-nio-8080-exec-5] org.hibernate.loader.Loader              : Result row: EntityKey[mvc.moiso.modelos.Empresa#12]
2024-09-01 14:49:01.474 TRACE 37840 --- [http-nio-8080-exec-5] o.h.type.descriptor.sql.BasicExtractor   : extracted value ([nit2_1_] : [VARCHAR]) - [963258-7]
2024-09-01 14:49:01.474 TRACE 37840 --- [http-nio-8080-exec-5] o.h.type.descriptor.sql.BasicExtractor   : extracted value ([direccio3_1_] : [VARCHAR]) - [calle 21 cr 21]
2024-09-01 14:49:01.474 TRACE 37840 --- [http-nio-8080-exec-5] o.h.type.descriptor.sql.BasicExtractor   : extracted value ([nombre4_1_] : [VARCHAR]) - [Box guane ]
2024-09-01 14:49:01.474 TRACE 37840 --- [http-nio-8080-exec-5] o.h.type.descriptor.sql.BasicExtractor   : extracted value ([telefono5_1_] : [VARCHAR]) - [6988888]
2024-09-01 14:49:01.474 DEBUG 37840 --- [http-nio-8080-exec-5] org.hibernate.loader.Loader              : Result set row: 5
2024-09-01 14:49:01.474 TRACE 37840 --- [http-nio-8080-exec-5] o.h.type.descriptor.sql.BasicExtractor   : extracted value ([id1_1_] : [INTEGER]) - [13]
2024-09-01 14:49:01.474 DEBUG 37840 --- [http-nio-8080-exec-5] org.hibernate.loader.Loader              : Result row: EntityKey[mvc.moiso.modelos.Empresa#13]
2024-09-01 14:49:01.474 TRACE 37840 --- [http-nio-8080-exec-5] o.h.type.descriptor.sql.BasicExtractor   : extracted value ([nit2_1_] : [VARCHAR]) - [88741-9]
2024-09-01 14:49:01.474 TRACE 37840 --- [http-nio-8080-exec-5] o.h.type.descriptor.sql.BasicExtractor   : extracted value ([direccio3_1_] : [VARCHAR]) - [edificio green gold of 408 bucaramanga]
2024-09-01 14:49:01.474 TRACE 37840 --- [http-nio-8080-exec-5] o.h.type.descriptor.sql.BasicExtractor   : extracted value ([nombre4_1_] : [VARCHAR]) - [Hexa solutions ]
2024-09-01 14:49:01.474 TRACE 37840 --- [http-nio-8080-exec-5] o.h.type.descriptor.sql.BasicExtractor   : extracted value ([telefono5_1_] : [VARCHAR]) - [63345122]
2024-09-01 14:49:01.474 DEBUG 37840 --- [http-nio-8080-exec-5] org.hibernate.loader.Loader              : Result set row: 6
2024-09-01 14:49:01.474 TRACE 37840 --- [http-nio-8080-exec-5] o.h.type.descriptor.sql.BasicExtractor   : extracted value ([id1_1_] : [INTEGER]) - [14]
2024-09-01 14:49:01.474 DEBUG 37840 --- [http-nio-8080-exec-5] org.hibernate.loader.Loader              : Result row: EntityKey[mvc.moiso.modelos.Empresa#14]
2024-09-01 14:49:01.474 TRACE 37840 --- [http-nio-8080-exec-5] o.h.type.descriptor.sql.BasicExtractor   : extracted value ([nit2_1_] : [VARCHAR]) - [900751-6]
2024-09-01 14:49:01.474 TRACE 37840 --- [http-nio-8080-exec-5] o.h.type.descriptor.sql.BasicExtractor   : extracted value ([direccio3_1_] : [VARCHAR]) - [Bucaramanga|]
2024-09-01 14:49:01.474 TRACE 37840 --- [http-nio-8080-exec-5] o.h.type.descriptor.sql.BasicExtractor   : extracted value ([nombre4_1_] : [VARCHAR]) - [Tehcenter colombia]
2024-09-01 14:49:01.474 TRACE 37840 --- [http-nio-8080-exec-5] o.h.type.descriptor.sql.BasicExtractor   : extracted value ([telefono5_1_] : [VARCHAR]) - [3183483807]
2024-09-01 14:49:01.474 DEBUG 37840 --- [http-nio-8080-exec-5] org.hibernate.loader.Loader              : Result set row: 7
2024-09-01 14:49:01.474 TRACE 37840 --- [http-nio-8080-exec-5] o.h.type.descriptor.sql.BasicExtractor   : extracted value ([id1_1_] : [INTEGER]) - [17]
2024-09-01 14:49:01.475 DEBUG 37840 --- [http-nio-8080-exec-5] org.hibernate.loader.Loader              : Result row: EntityKey[mvc.moiso.modelos.Empresa#17]
2024-09-01 14:49:01.475 TRACE 37840 --- [http-nio-8080-exec-5] o.h.type.descriptor.sql.BasicExtractor   : extracted value ([nit2_1_] : [VARCHAR]) - [55464411]
2024-09-01 14:49:01.475 TRACE 37840 --- [http-nio-8080-exec-5] o.h.type.descriptor.sql.BasicExtractor   : extracted value ([direccio3_1_] : [VARCHAR]) - [calle 21 con cr 25]
2024-09-01 14:49:01.475 TRACE 37840 --- [http-nio-8080-exec-5] o.h.type.descriptor.sql.BasicExtractor   : extracted value ([nombre4_1_] : [VARCHAR]) - [La perrada de pacho]
2024-09-01 14:49:01.475 TRACE 37840 --- [http-nio-8080-exec-5] o.h.type.descriptor.sql.BasicExtractor   : extracted value ([telefono5_1_] : [VARCHAR]) - [634558855]
2024-09-01 14:49:01.475 DEBUG 37840 --- [http-nio-8080-exec-5] org.hibernate.loader.Loader              : Result set row: 8
2024-09-01 14:49:01.475 TRACE 37840 --- [http-nio-8080-exec-5] o.h.type.descriptor.sql.BasicExtractor   : extracted value ([id1_1_] : [INTEGER]) - [20]
2024-09-01 14:49:01.475 DEBUG 37840 --- [http-nio-8080-exec-5] org.hibernate.loader.Loader              : Result row: EntityKey[mvc.moiso.modelos.Empresa#20]
2024-09-01 14:49:01.475 TRACE 37840 --- [http-nio-8080-exec-5] o.h.type.descriptor.sql.BasicExtractor   : extracted value ([nit2_1_] : [VARCHAR]) - [9999-0]
2024-09-01 14:49:01.476 TRACE 37840 --- [http-nio-8080-exec-5] o.h.type.descriptor.sql.BasicExtractor   : extracted value ([direccio3_1_] : [VARCHAR]) - [Av bucaramanga]
2024-09-01 14:49:01.476 TRACE 37840 --- [http-nio-8080-exec-5] o.h.type.descriptor.sql.BasicExtractor   : extracted value ([nombre4_1_] : [VARCHAR]) - [Frescaleche ]
2024-09-01 14:49:01.476 TRACE 37840 --- [http-nio-8080-exec-5] o.h.type.descriptor.sql.BasicExtractor   : extracted value ([telefono5_1_] : [VARCHAR]) - [6348899]
2024-09-01 14:49:01.476 DEBUG 37840 --- [http-nio-8080-exec-5] org.hibernate.loader.Loader              : Result set row: 9
2024-09-01 14:49:01.476 TRACE 37840 --- [http-nio-8080-exec-5] o.h.type.descriptor.sql.BasicExtractor   : extracted value ([id1_1_] : [INTEGER]) - [21]
2024-09-01 14:49:01.477 DEBUG 37840 --- [http-nio-8080-exec-5] org.hibernate.loader.Loader              : Result row: EntityKey[mvc.moiso.modelos.Empresa#21]
2024-09-01 14:49:01.477 TRACE 37840 --- [http-nio-8080-exec-5] o.h.type.descriptor.sql.BasicExtractor   : extracted value ([nit2_1_] : [VARCHAR]) - [996574-20]
2024-09-01 14:49:01.477 TRACE 37840 --- [http-nio-8080-exec-5] o.h.type.descriptor.sql.BasicExtractor   : extracted value ([direccio3_1_] : [VARCHAR]) - [Bogota calle 100]
2024-09-01 14:49:01.477 TRACE 37840 --- [http-nio-8080-exec-5] o.h.type.descriptor.sql.BasicExtractor   : extracted value ([nombre4_1_] : [VARCHAR]) - [Uber]
2024-09-01 14:49:01.477 TRACE 37840 --- [http-nio-8080-exec-5] o.h.type.descriptor.sql.BasicExtractor   : extracted value ([telefono5_1_] : [VARCHAR]) - [5719892]
2024-09-01 14:49:01.477 DEBUG 37840 --- [http-nio-8080-exec-5] org.hibernate.loader.Loader              : Result set row: 10
2024-09-01 14:49:01.477 TRACE 37840 --- [http-nio-8080-exec-5] o.h.type.descriptor.sql.BasicExtractor   : extracted value ([id1_1_] : [INTEGER]) - [24]
2024-09-01 14:49:01.477 DEBUG 37840 --- [http-nio-8080-exec-5] org.hibernate.loader.Loader              : Result row: EntityKey[mvc.moiso.modelos.Empresa#24]
2024-09-01 14:49:01.477 TRACE 37840 --- [http-nio-8080-exec-5] o.h.type.descriptor.sql.BasicExtractor   : extracted value ([nit2_1_] : [VARCHAR]) - [996547-8]
2024-09-01 14:49:01.477 TRACE 37840 --- [http-nio-8080-exec-5] o.h.type.descriptor.sql.BasicExtractor   : extracted value ([direccio3_1_] : [VARCHAR]) - [calle 100 bogota ]
2024-09-01 14:49:01.477 TRACE 37840 --- [http-nio-8080-exec-5] o.h.type.descriptor.sql.BasicExtractor   : extracted value ([nombre4_1_] : [VARCHAR]) - [Banco citibank colombia]
2024-09-01 14:49:01.477 TRACE 37840 --- [http-nio-8080-exec-5] o.h.type.descriptor.sql.BasicExtractor   : extracted value ([telefono5_1_] : [VARCHAR]) - [607895421]
2024-09-01 14:49:01.477 DEBUG 37840 --- [http-nio-8080-exec-5] org.hibernate.loader.Loader              : Result set row: 11
2024-09-01 14:49:01.477 TRACE 37840 --- [http-nio-8080-exec-5] o.h.type.descriptor.sql.BasicExtractor   : extracted value ([id1_1_] : [INTEGER]) - [26]
2024-09-01 14:49:01.477 DEBUG 37840 --- [http-nio-8080-exec-5] org.hibernate.loader.Loader              : Result row: EntityKey[mvc.moiso.modelos.Empresa#26]
2024-09-01 14:49:01.478 TRACE 37840 --- [http-nio-8080-exec-5] o.h.type.descriptor.sql.BasicExtractor   : extracted value ([nit2_1_] : [VARCHAR]) - [0000000-9]
2024-09-01 14:49:01.478 TRACE 37840 --- [http-nio-8080-exec-5] o.h.type.descriptor.sql.BasicExtractor   : extracted value ([direccio3_1_] : [VARCHAR]) - [calle default # 01-00]
2024-09-01 14:49:01.478 TRACE 37840 --- [http-nio-8080-exec-5] o.h.type.descriptor.sql.BasicExtractor   : extracted value ([nombre4_1_] : [VARCHAR]) - [Default]
2024-09-01 14:49:01.478 TRACE 37840 --- [http-nio-8080-exec-5] o.h.type.descriptor.sql.BasicExtractor   : extracted value ([telefono5_1_] : [VARCHAR]) - [31200000]
2024-09-01 14:49:01.478 DEBUG 37840 --- [http-nio-8080-exec-5] org.hibernate.loader.Loader              : Result set row: 12
2024-09-01 14:49:01.478 TRACE 37840 --- [http-nio-8080-exec-5] o.h.type.descriptor.sql.BasicExtractor   : extracted value ([id1_1_] : [INTEGER]) - [28]
2024-09-01 14:49:01.478 DEBUG 37840 --- [http-nio-8080-exec-5] org.hibernate.loader.Loader              : Result row: EntityKey[mvc.moiso.modelos.Empresa#28]
2024-09-01 14:49:01.478 TRACE 37840 --- [http-nio-8080-exec-5] o.h.type.descriptor.sql.BasicExtractor   : extracted value ([nit2_1_] : [VARCHAR]) - [99999-a]
2024-09-01 14:49:01.478 TRACE 37840 --- [http-nio-8080-exec-5] o.h.type.descriptor.sql.BasicExtractor   : extracted value ([direccio3_1_] : [VARCHAR]) - [bucaraman cll 21]
2024-09-01 14:49:01.478 TRACE 37840 --- [http-nio-8080-exec-5] o.h.type.descriptor.sql.BasicExtractor   : extracted value ([nombre4_1_] : [VARCHAR]) - [EMPRESA TEST]
2024-09-01 14:49:01.478 TRACE 37840 --- [http-nio-8080-exec-5] o.h.type.descriptor.sql.BasicExtractor   : extracted value ([telefono5_1_] : [VARCHAR]) - [607895422]
2024-09-01 14:49:01.478 DEBUG 37840 --- [http-nio-8080-exec-5] org.hibernate.loader.Loader              : Result set row: 13
2024-09-01 14:49:01.478 TRACE 37840 --- [http-nio-8080-exec-5] o.h.type.descriptor.sql.BasicExtractor   : extracted value ([id1_1_] : [INTEGER]) - [30]
2024-09-01 14:49:01.478 DEBUG 37840 --- [http-nio-8080-exec-5] org.hibernate.loader.Loader              : Result row: EntityKey[mvc.moiso.modelos.Empresa#30]
2024-09-01 14:49:01.479 TRACE 37840 --- [http-nio-8080-exec-5] o.h.type.descriptor.sql.BasicExtractor   : extracted value ([nit2_1_] : [VARCHAR]) - [99874544]
2024-09-01 14:49:01.479 TRACE 37840 --- [http-nio-8080-exec-5] o.h.type.descriptor.sql.BasicExtractor   : extracted value ([direccio3_1_] : [VARCHAR]) - [Bogota]
2024-09-01 14:49:01.479 TRACE 37840 --- [http-nio-8080-exec-5] o.h.type.descriptor.sql.BasicExtractor   : extracted value ([nombre4_1_] : [VARCHAR]) - [Capgeminai]
2024-09-01 14:49:01.479 TRACE 37840 --- [http-nio-8080-exec-5] o.h.type.descriptor.sql.BasicExtractor   : extracted value ([telefono5_1_] : [VARCHAR]) - [4587955]
2024-09-01 14:49:01.479 DEBUG 37840 --- [http-nio-8080-exec-5] o.h.engine.internal.TwoPhaseLoad         : Resolving attributes for [mvc.moiso.modelos.Empresa#4]
2024-09-01 14:49:01.479 DEBUG 37840 --- [http-nio-8080-exec-5] o.h.engine.internal.TwoPhaseLoad         : Processing attribute `NIT` : value = 789-56
2024-09-01 14:49:01.479 DEBUG 37840 --- [http-nio-8080-exec-5] o.h.engine.internal.TwoPhaseLoad         : Attribute (`NIT`)  - enhanced for lazy-loading? - false
2024-09-01 14:49:01.479 DEBUG 37840 --- [http-nio-8080-exec-5] o.h.engine.internal.TwoPhaseLoad         : Processing attribute `direccion` : value = Chile 
2024-09-01 14:49:01.479 DEBUG 37840 --- [http-nio-8080-exec-5] o.h.engine.internal.TwoPhaseLoad         : Attribute (`direccion`)  - enhanced for lazy-loading? - false
2024-09-01 14:49:01.479 DEBUG 37840 --- [http-nio-8080-exec-5] o.h.engine.internal.TwoPhaseLoad         : Processing attribute `nombre` : value = Talana 
2024-09-01 14:49:01.479 DEBUG 37840 --- [http-nio-8080-exec-5] o.h.engine.internal.TwoPhaseLoad         : Attribute (`nombre`)  - enhanced for lazy-loading? - false
2024-09-01 14:49:01.479 DEBUG 37840 --- [http-nio-8080-exec-5] o.h.engine.internal.TwoPhaseLoad         : Processing attribute `telefono` : value = 0000000
2024-09-01 14:49:01.479 DEBUG 37840 --- [http-nio-8080-exec-5] o.h.engine.internal.TwoPhaseLoad         : Attribute (`telefono`)  - enhanced for lazy-loading? - false
2024-09-01 14:49:01.479 DEBUG 37840 --- [http-nio-8080-exec-5] o.h.engine.internal.TwoPhaseLoad         : Done materializing entity [mvc.moiso.modelos.Empresa#4]
2024-09-01 14:49:01.479 DEBUG 37840 --- [http-nio-8080-exec-5] o.h.engine.internal.TwoPhaseLoad         : Resolving attributes for [mvc.moiso.modelos.Empresa#8]
2024-09-01 14:49:01.479 DEBUG 37840 --- [http-nio-8080-exec-5] o.h.engine.internal.TwoPhaseLoad         : Processing attribute `NIT` : value = 987456-9
2024-09-01 14:49:01.479 DEBUG 37840 --- [http-nio-8080-exec-5] o.h.engine.internal.TwoPhaseLoad         : Attribute (`NIT`)  - enhanced for lazy-loading? - false
2024-09-01 14:49:01.479 DEBUG 37840 --- [http-nio-8080-exec-5] o.h.engine.internal.TwoPhaseLoad         : Processing attribute `direccion` : value = AV 42
2024-09-01 14:49:01.479 DEBUG 37840 --- [http-nio-8080-exec-5] o.h.engine.internal.TwoPhaseLoad         : Attribute (`direccion`)  - enhanced for lazy-loading? - false
2024-09-01 14:49:01.479 DEBUG 37840 --- [http-nio-8080-exec-5] o.h.engine.internal.TwoPhaseLoad         : Processing attribute `nombre` : value = UNAB
2024-09-01 14:49:01.479 DEBUG 37840 --- [http-nio-8080-exec-5] o.h.engine.internal.TwoPhaseLoad         : Attribute (`nombre`)  - enhanced for lazy-loading? - false
2024-09-01 14:49:01.479 DEBUG 37840 --- [http-nio-8080-exec-5] o.h.engine.internal.TwoPhaseLoad         : Processing attribute `telefono` : value = 63444444
2024-09-01 14:49:01.479 DEBUG 37840 --- [http-nio-8080-exec-5] o.h.engine.internal.TwoPhaseLoad         : Attribute (`telefono`)  - enhanced for lazy-loading? - false
2024-09-01 14:49:01.479 DEBUG 37840 --- [http-nio-8080-exec-5] o.h.engine.internal.TwoPhaseLoad         : Done materializing entity [mvc.moiso.modelos.Empresa#8]
2024-09-01 14:49:01.479 DEBUG 37840 --- [http-nio-8080-exec-5] o.h.engine.internal.TwoPhaseLoad         : Resolving attributes for [mvc.moiso.modelos.Empresa#10]
2024-09-01 14:49:01.479 DEBUG 37840 --- [http-nio-8080-exec-5] o.h.engine.internal.TwoPhaseLoad         : Processing attribute `NIT` : value = 000000
2024-09-01 14:49:01.479 DEBUG 37840 --- [http-nio-8080-exec-5] o.h.engine.internal.TwoPhaseLoad         : Attribute (`NIT`)  - enhanced for lazy-loading? - false
2024-09-01 14:49:01.479 DEBUG 37840 --- [http-nio-8080-exec-5] o.h.engine.internal.TwoPhaseLoad         : Processing attribute `direccion` : value = Barrio aurora 
2024-09-01 14:49:01.479 DEBUG 37840 --- [http-nio-8080-exec-5] o.h.engine.internal.TwoPhaseLoad         : Attribute (`direccion`)  - enhanced for lazy-loading? - false
2024-09-01 14:49:01.479 DEBUG 37840 --- [http-nio-8080-exec-5] o.h.engine.internal.TwoPhaseLoad         : Processing attribute `nombre` : value = Unity 
2024-09-01 14:49:01.479 DEBUG 37840 --- [http-nio-8080-exec-5] o.h.engine.internal.TwoPhaseLoad         : Attribute (`nombre`)  - enhanced for lazy-loading? - false
2024-09-01 14:49:01.481 DEBUG 37840 --- [http-nio-8080-exec-5] o.h.engine.internal.TwoPhaseLoad         : Processing attribute `telefono` : value = 6452020
2024-09-01 14:49:01.481 DEBUG 37840 --- [http-nio-8080-exec-5] o.h.engine.internal.TwoPhaseLoad         : Attribute (`telefono`)  - enhanced for lazy-loading? - false
2024-09-01 14:49:01.481 DEBUG 37840 --- [http-nio-8080-exec-5] o.h.engine.internal.TwoPhaseLoad         : Done materializing entity [mvc.moiso.modelos.Empresa#10]
2024-09-01 14:49:01.481 DEBUG 37840 --- [http-nio-8080-exec-5] o.h.engine.internal.TwoPhaseLoad         : Resolving attributes for [mvc.moiso.modelos.Empresa#11]
2024-09-01 14:49:01.481 DEBUG 37840 --- [http-nio-8080-exec-5] o.h.engine.internal.TwoPhaseLoad         : Processing attribute `NIT` : value = 987456-2
2024-09-01 14:49:01.481 DEBUG 37840 --- [http-nio-8080-exec-5] o.h.engine.internal.TwoPhaseLoad         : Attribute (`NIT`)  - enhanced for lazy-loading? - false
2024-09-01 14:49:01.481 DEBUG 37840 --- [http-nio-8080-exec-5] o.h.engine.internal.TwoPhaseLoad         : Processing attribute `direccion` : value = CR 27 CON CALLE 21 
2024-09-01 14:49:01.481 DEBUG 37840 --- [http-nio-8080-exec-5] o.h.engine.internal.TwoPhaseLoad         : Attribute (`direccion`)  - enhanced for lazy-loading? - false
2024-09-01 14:49:01.481 DEBUG 37840 --- [http-nio-8080-exec-5] o.h.engine.internal.TwoPhaseLoad         : Processing attribute `nombre` : value = MAS POR MENOS SUPERMERCADO
2024-09-01 14:49:01.481 DEBUG 37840 --- [http-nio-8080-exec-5] o.h.engine.internal.TwoPhaseLoad         : Attribute (`nombre`)  - enhanced for lazy-loading? - false
2024-09-01 14:49:01.481 DEBUG 37840 --- [http-nio-8080-exec-5] o.h.engine.internal.TwoPhaseLoad         : Processing attribute `telefono` : value = 6400000
2024-09-01 14:49:01.481 DEBUG 37840 --- [http-nio-8080-exec-5] o.h.engine.internal.TwoPhaseLoad         : Attribute (`telefono`)  - enhanced for lazy-loading? - false
2024-09-01 14:49:01.481 DEBUG 37840 --- [http-nio-8080-exec-5] o.h.engine.internal.TwoPhaseLoad         : Done materializing entity [mvc.moiso.modelos.Empresa#11]
2024-09-01 14:49:01.481 DEBUG 37840 --- [http-nio-8080-exec-5] o.h.engine.internal.TwoPhaseLoad         : Resolving attributes for [mvc.moiso.modelos.Empresa#12]
2024-09-01 14:49:01.482 DEBUG 37840 --- [http-nio-8080-exec-5] o.h.engine.internal.TwoPhaseLoad         : Processing attribute `NIT` : value = 963258-7
2024-09-01 14:49:01.482 DEBUG 37840 --- [http-nio-8080-exec-5] o.h.engine.internal.TwoPhaseLoad         : Attribute (`NIT`)  - enhanced for lazy-loading? - false
2024-09-01 14:49:01.482 DEBUG 37840 --- [http-nio-8080-exec-5] o.h.engine.internal.TwoPhaseLoad         : Processing attribute `direccion` : value = calle 21 cr 21
2024-09-01 14:49:01.482 DEBUG 37840 --- [http-nio-8080-exec-5] o.h.engine.internal.TwoPhaseLoad         : Attribute (`direccion`)  - enhanced for lazy-loading? - false
2024-09-01 14:49:01.482 DEBUG 37840 --- [http-nio-8080-exec-5] o.h.engine.internal.TwoPhaseLoad         : Processing attribute `nombre` : value = Box guane 
2024-09-01 14:49:01.482 DEBUG 37840 --- [http-nio-8080-exec-5] o.h.engine.internal.TwoPhaseLoad         : Attribute (`nombre`)  - enhanced for lazy-loading? - false
2024-09-01 14:49:01.482 DEBUG 37840 --- [http-nio-8080-exec-5] o.h.engine.internal.TwoPhaseLoad         : Processing attribute `telefono` : value = 6988888
2024-09-01 14:49:01.482 DEBUG 37840 --- [http-nio-8080-exec-5] o.h.engine.internal.TwoPhaseLoad         : Attribute (`telefono`)  - enhanced for lazy-loading? - false
2024-09-01 14:49:01.482 DEBUG 37840 --- [http-nio-8080-exec-5] o.h.engine.internal.TwoPhaseLoad         : Done materializing entity [mvc.moiso.modelos.Empresa#12]
2024-09-01 14:49:01.482 DEBUG 37840 --- [http-nio-8080-exec-5] o.h.engine.internal.TwoPhaseLoad         : Resolving attributes for [mvc.moiso.modelos.Empresa#13]
2024-09-01 14:49:01.482 DEBUG 37840 --- [http-nio-8080-exec-5] o.h.engine.internal.TwoPhaseLoad         : Processing attribute `NIT` : value = 88741-9
2024-09-01 14:49:01.482 DEBUG 37840 --- [http-nio-8080-exec-5] o.h.engine.internal.TwoPhaseLoad         : Attribute (`NIT`)  - enhanced for lazy-loading? - false
2024-09-01 14:49:01.482 DEBUG 37840 --- [http-nio-8080-exec-5] o.h.engine.internal.TwoPhaseLoad         : Processing attribute `direccion` : value = edificio green gold of 408 bucaramanga
2024-09-01 14:49:01.482 DEBUG 37840 --- [http-nio-8080-exec-5] o.h.engine.internal.TwoPhaseLoad         : Attribute (`direccion`)  - enhanced for lazy-loading? - false
2024-09-01 14:49:01.483 DEBUG 37840 --- [http-nio-8080-exec-5] o.h.engine.internal.TwoPhaseLoad         : Processing attribute `nombre` : value = Hexa solutions 
2024-09-01 14:49:01.483 DEBUG 37840 --- [http-nio-8080-exec-5] o.h.engine.internal.TwoPhaseLoad         : Attribute (`nombre`)  - enhanced for lazy-loading? - false
2024-09-01 14:49:01.483 DEBUG 37840 --- [http-nio-8080-exec-5] o.h.engine.internal.TwoPhaseLoad         : Processing attribute `telefono` : value = 63345122
2024-09-01 14:49:01.483 DEBUG 37840 --- [http-nio-8080-exec-5] o.h.engine.internal.TwoPhaseLoad         : Attribute (`telefono`)  - enhanced for lazy-loading? - false
2024-09-01 14:49:01.483 DEBUG 37840 --- [http-nio-8080-exec-5] o.h.engine.internal.TwoPhaseLoad         : Done materializing entity [mvc.moiso.modelos.Empresa#13]
2024-09-01 14:49:01.483 DEBUG 37840 --- [http-nio-8080-exec-5] o.h.engine.internal.TwoPhaseLoad         : Resolving attributes for [mvc.moiso.modelos.Empresa#14]
2024-09-01 14:49:01.483 DEBUG 37840 --- [http-nio-8080-exec-5] o.h.engine.internal.TwoPhaseLoad         : Processing attribute `NIT` : value = 900751-6
2024-09-01 14:49:01.483 DEBUG 37840 --- [http-nio-8080-exec-5] o.h.engine.internal.TwoPhaseLoad         : Attribute (`NIT`)  - enhanced for lazy-loading? - false
2024-09-01 14:49:01.483 DEBUG 37840 --- [http-nio-8080-exec-5] o.h.engine.internal.TwoPhaseLoad         : Processing attribute `direccion` : value = Bucaramanga|
2024-09-01 14:49:01.483 DEBUG 37840 --- [http-nio-8080-exec-5] o.h.engine.internal.TwoPhaseLoad         : Attribute (`direccion`)  - enhanced for lazy-loading? - false
2024-09-01 14:49:01.483 DEBUG 37840 --- [http-nio-8080-exec-5] o.h.engine.internal.TwoPhaseLoad         : Processing attribute `nombre` : value = Tehcenter colombia
2024-09-01 14:49:01.484 DEBUG 37840 --- [http-nio-8080-exec-5] o.h.engine.internal.TwoPhaseLoad         : Attribute (`nombre`)  - enhanced for lazy-loading? - false
2024-09-01 14:49:01.484 DEBUG 37840 --- [http-nio-8080-exec-5] o.h.engine.internal.TwoPhaseLoad         : Processing attribute `telefono` : value = 3183483807
2024-09-01 14:49:01.484 DEBUG 37840 --- [http-nio-8080-exec-5] o.h.engine.internal.TwoPhaseLoad         : Attribute (`telefono`)  - enhanced for lazy-loading? - false
2024-09-01 14:49:01.484 DEBUG 37840 --- [http-nio-8080-exec-5] o.h.engine.internal.TwoPhaseLoad         : Done materializing entity [mvc.moiso.modelos.Empresa#14]
2024-09-01 14:49:01.484 DEBUG 37840 --- [http-nio-8080-exec-5] o.h.engine.internal.TwoPhaseLoad         : Resolving attributes for [mvc.moiso.modelos.Empresa#17]
2024-09-01 14:49:01.484 DEBUG 37840 --- [http-nio-8080-exec-5] o.h.engine.internal.TwoPhaseLoad         : Processing attribute `NIT` : value = 55464411
2024-09-01 14:49:01.485 DEBUG 37840 --- [http-nio-8080-exec-5] o.h.engine.internal.TwoPhaseLoad         : Attribute (`NIT`)  - enhanced for lazy-loading? - false
2024-09-01 14:49:01.485 DEBUG 37840 --- [http-nio-8080-exec-5] o.h.engine.internal.TwoPhaseLoad         : Processing attribute `direccion` : value = calle 21 con cr 25
2024-09-01 14:49:01.485 DEBUG 37840 --- [http-nio-8080-exec-5] o.h.engine.internal.TwoPhaseLoad         : Attribute (`direccion`)  - enhanced for lazy-loading? - false
2024-09-01 14:49:01.485 DEBUG 37840 --- [http-nio-8080-exec-5] o.h.engine.internal.TwoPhaseLoad         : Processing attribute `nombre` : value = La perrada de pacho
2024-09-01 14:49:01.485 DEBUG 37840 --- [http-nio-8080-exec-5] o.h.engine.internal.TwoPhaseLoad         : Attribute (`nombre`)  - enhanced for lazy-loading? - false
2024-09-01 14:49:01.485 DEBUG 37840 --- [http-nio-8080-exec-5] o.h.engine.internal.TwoPhaseLoad         : Processing attribute `telefono` : value = 634558855
2024-09-01 14:49:01.485 DEBUG 37840 --- [http-nio-8080-exec-5] o.h.engine.internal.TwoPhaseLoad         : Attribute (`telefono`)  - enhanced for lazy-loading? - false
2024-09-01 14:49:01.485 DEBUG 37840 --- [http-nio-8080-exec-5] o.h.engine.internal.TwoPhaseLoad         : Done materializing entity [mvc.moiso.modelos.Empresa#17]
2024-09-01 14:49:01.485 DEBUG 37840 --- [http-nio-8080-exec-5] o.h.engine.internal.TwoPhaseLoad         : Resolving attributes for [mvc.moiso.modelos.Empresa#20]
2024-09-01 14:49:01.485 DEBUG 37840 --- [http-nio-8080-exec-5] o.h.engine.internal.TwoPhaseLoad         : Processing attribute `NIT` : value = 9999-0
2024-09-01 14:49:01.485 DEBUG 37840 --- [http-nio-8080-exec-5] o.h.engine.internal.TwoPhaseLoad         : Attribute (`NIT`)  - enhanced for lazy-loading? - false
2024-09-01 14:49:01.485 DEBUG 37840 --- [http-nio-8080-exec-5] o.h.engine.internal.TwoPhaseLoad         : Processing attribute `direccion` : value = Av bucaramanga
2024-09-01 14:49:01.485 DEBUG 37840 --- [http-nio-8080-exec-5] o.h.engine.internal.TwoPhaseLoad         : Attribute (`direccion`)  - enhanced for lazy-loading? - false
2024-09-01 14:49:01.485 DEBUG 37840 --- [http-nio-8080-exec-5] o.h.engine.internal.TwoPhaseLoad         : Processing attribute `nombre` : value = Frescaleche 
2024-09-01 14:49:01.485 DEBUG 37840 --- [http-nio-8080-exec-5] o.h.engine.internal.TwoPhaseLoad         : Attribute (`nombre`)  - enhanced for lazy-loading? - false
2024-09-01 14:49:01.485 DEBUG 37840 --- [http-nio-8080-exec-5] o.h.engine.internal.TwoPhaseLoad         : Processing attribute `telefono` : value = 6348899
2024-09-01 14:49:01.485 DEBUG 37840 --- [http-nio-8080-exec-5] o.h.engine.internal.TwoPhaseLoad         : Attribute (`telefono`)  - enhanced for lazy-loading? - false
2024-09-01 14:49:01.485 DEBUG 37840 --- [http-nio-8080-exec-5] o.h.engine.internal.TwoPhaseLoad         : Done materializing entity [mvc.moiso.modelos.Empresa#20]
2024-09-01 14:49:01.485 DEBUG 37840 --- [http-nio-8080-exec-5] o.h.engine.internal.TwoPhaseLoad         : Resolving attributes for [mvc.moiso.modelos.Empresa#21]
2024-09-01 14:49:01.485 DEBUG 37840 --- [http-nio-8080-exec-5] o.h.engine.internal.TwoPhaseLoad         : Processing attribute `NIT` : value = 996574-20
2024-09-01 14:49:01.485 DEBUG 37840 --- [http-nio-8080-exec-5] o.h.engine.internal.TwoPhaseLoad         : Attribute (`NIT`)  - enhanced for lazy-loading? - false
2024-09-01 14:49:01.485 DEBUG 37840 --- [http-nio-8080-exec-5] o.h.engine.internal.TwoPhaseLoad         : Processing attribute `direccion` : value = Bogota calle 100
2024-09-01 14:49:01.485 DEBUG 37840 --- [http-nio-8080-exec-5] o.h.engine.internal.TwoPhaseLoad         : Attribute (`direccion`)  - enhanced for lazy-loading? - false
2024-09-01 14:49:01.485 DEBUG 37840 --- [http-nio-8080-exec-5] o.h.engine.internal.TwoPhaseLoad         : Processing attribute `nombre` : value = Uber
2024-09-01 14:49:01.485 DEBUG 37840 --- [http-nio-8080-exec-5] o.h.engine.internal.TwoPhaseLoad         : Attribute (`nombre`)  - enhanced for lazy-loading? - false
2024-09-01 14:49:01.485 DEBUG 37840 --- [http-nio-8080-exec-5] o.h.engine.internal.TwoPhaseLoad         : Processing attribute `telefono` : value = 5719892
2024-09-01 14:49:01.485 DEBUG 37840 --- [http-nio-8080-exec-5] o.h.engine.internal.TwoPhaseLoad         : Attribute (`telefono`)  - enhanced for lazy-loading? - false
2024-09-01 14:49:01.485 DEBUG 37840 --- [http-nio-8080-exec-5] o.h.engine.internal.TwoPhaseLoad         : Done materializing entity [mvc.moiso.modelos.Empresa#21]
2024-09-01 14:49:01.485 DEBUG 37840 --- [http-nio-8080-exec-5] o.h.engine.internal.TwoPhaseLoad         : Resolving attributes for [mvc.moiso.modelos.Empresa#24]
2024-09-01 14:49:01.485 DEBUG 37840 --- [http-nio-8080-exec-5] o.h.engine.internal.TwoPhaseLoad         : Processing attribute `NIT` : value = 996547-8
2024-09-01 14:49:01.485 DEBUG 37840 --- [http-nio-8080-exec-5] o.h.engine.internal.TwoPhaseLoad         : Attribute (`NIT`)  - enhanced for lazy-loading? - false
2024-09-01 14:49:01.485 DEBUG 37840 --- [http-nio-8080-exec-5] o.h.engine.internal.TwoPhaseLoad         : Processing attribute `direccion` : value = calle 100 bogota 
2024-09-01 14:49:01.485 DEBUG 37840 --- [http-nio-8080-exec-5] o.h.engine.internal.TwoPhaseLoad         : Attribute (`direccion`)  - enhanced for lazy-loading? - false
2024-09-01 14:49:01.485 DEBUG 37840 --- [http-nio-8080-exec-5] o.h.engine.internal.TwoPhaseLoad         : Processing attribute `nombre` : value = Banco citibank colombia
2024-09-01 14:49:01.485 DEBUG 37840 --- [http-nio-8080-exec-5] o.h.engine.internal.TwoPhaseLoad         : Attribute (`nombre`)  - enhanced for lazy-loading? - false
2024-09-01 14:49:01.485 DEBUG 37840 --- [http-nio-8080-exec-5] o.h.engine.internal.TwoPhaseLoad         : Processing attribute `telefono` : value = 607895421
2024-09-01 14:49:01.485 DEBUG 37840 --- [http-nio-8080-exec-5] o.h.engine.internal.TwoPhaseLoad         : Attribute (`telefono`)  - enhanced for lazy-loading? - false
2024-09-01 14:49:01.485 DEBUG 37840 --- [http-nio-8080-exec-5] o.h.engine.internal.TwoPhaseLoad         : Done materializing entity [mvc.moiso.modelos.Empresa#24]
2024-09-01 14:49:01.485 DEBUG 37840 --- [http-nio-8080-exec-5] o.h.engine.internal.TwoPhaseLoad         : Resolving attributes for [mvc.moiso.modelos.Empresa#26]
2024-09-01 14:49:01.485 DEBUG 37840 --- [http-nio-8080-exec-5] o.h.engine.internal.TwoPhaseLoad         : Processing attribute `NIT` : value = 0000000-9
2024-09-01 14:49:01.485 DEBUG 37840 --- [http-nio-8080-exec-5] o.h.engine.internal.TwoPhaseLoad         : Attribute (`NIT`)  - enhanced for lazy-loading? - false
2024-09-01 14:49:01.485 DEBUG 37840 --- [http-nio-8080-exec-5] o.h.engine.internal.TwoPhaseLoad         : Processing attribute `direccion` : value = calle default # 01-00
2024-09-01 14:49:01.485 DEBUG 37840 --- [http-nio-8080-exec-5] o.h.engine.internal.TwoPhaseLoad         : Attribute (`direccion`)  - enhanced for lazy-loading? - false
2024-09-01 14:49:01.485 DEBUG 37840 --- [http-nio-8080-exec-5] o.h.engine.internal.TwoPhaseLoad         : Processing attribute `nombre` : value = Default
2024-09-01 14:49:01.485 DEBUG 37840 --- [http-nio-8080-exec-5] o.h.engine.internal.TwoPhaseLoad         : Attribute (`nombre`)  - enhanced for lazy-loading? - false
2024-09-01 14:49:01.485 DEBUG 37840 --- [http-nio-8080-exec-5] o.h.engine.internal.TwoPhaseLoad         : Processing attribute `telefono` : value = 31200000
2024-09-01 14:49:01.485 DEBUG 37840 --- [http-nio-8080-exec-5] o.h.engine.internal.TwoPhaseLoad         : Attribute (`telefono`)  - enhanced for lazy-loading? - false
2024-09-01 14:49:01.486 DEBUG 37840 --- [http-nio-8080-exec-5] o.h.engine.internal.TwoPhaseLoad         : Done materializing entity [mvc.moiso.modelos.Empresa#26]
2024-09-01 14:49:01.486 DEBUG 37840 --- [http-nio-8080-exec-5] o.h.engine.internal.TwoPhaseLoad         : Resolving attributes for [mvc.moiso.modelos.Empresa#28]
2024-09-01 14:49:01.486 DEBUG 37840 --- [http-nio-8080-exec-5] o.h.engine.internal.TwoPhaseLoad         : Processing attribute `NIT` : value = 99999-a
2024-09-01 14:49:01.486 DEBUG 37840 --- [http-nio-8080-exec-5] o.h.engine.internal.TwoPhaseLoad         : Attribute (`NIT`)  - enhanced for lazy-loading? - false
2024-09-01 14:49:01.486 DEBUG 37840 --- [http-nio-8080-exec-5] o.h.engine.internal.TwoPhaseLoad         : Processing attribute `direccion` : value = bucaraman cll 21
2024-09-01 14:49:01.486 DEBUG 37840 --- [http-nio-8080-exec-5] o.h.engine.internal.TwoPhaseLoad         : Attribute (`direccion`)  - enhanced for lazy-loading? - false
2024-09-01 14:49:01.486 DEBUG 37840 --- [http-nio-8080-exec-5] o.h.engine.internal.TwoPhaseLoad         : Processing attribute `nombre` : value = EMPRESA TEST
2024-09-01 14:49:01.486 DEBUG 37840 --- [http-nio-8080-exec-5] o.h.engine.internal.TwoPhaseLoad         : Attribute (`nombre`)  - enhanced for lazy-loading? - false
2024-09-01 14:49:01.486 DEBUG 37840 --- [http-nio-8080-exec-5] o.h.engine.internal.TwoPhaseLoad         : Processing attribute `telefono` : value = 607895422
2024-09-01 14:49:01.486 DEBUG 37840 --- [http-nio-8080-exec-5] o.h.engine.internal.TwoPhaseLoad         : Attribute (`telefono`)  - enhanced for lazy-loading? - false
2024-09-01 14:49:01.486 DEBUG 37840 --- [http-nio-8080-exec-5] o.h.engine.internal.TwoPhaseLoad         : Done materializing entity [mvc.moiso.modelos.Empresa#28]
2024-09-01 14:49:01.486 DEBUG 37840 --- [http-nio-8080-exec-5] o.h.engine.internal.TwoPhaseLoad         : Resolving attributes for [mvc.moiso.modelos.Empresa#30]
2024-09-01 14:49:01.486 DEBUG 37840 --- [http-nio-8080-exec-5] o.h.engine.internal.TwoPhaseLoad         : Processing attribute `NIT` : value = 99874544
2024-09-01 14:49:01.486 DEBUG 37840 --- [http-nio-8080-exec-5] o.h.engine.internal.TwoPhaseLoad         : Attribute (`NIT`)  - enhanced for lazy-loading? - false
2024-09-01 14:49:01.486 DEBUG 37840 --- [http-nio-8080-exec-5] o.h.engine.internal.TwoPhaseLoad         : Processing attribute `direccion` : value = Bogota
2024-09-01 14:49:01.486 DEBUG 37840 --- [http-nio-8080-exec-5] o.h.engine.internal.TwoPhaseLoad         : Attribute (`direccion`)  - enhanced for lazy-loading? - false
2024-09-01 14:49:01.486 DEBUG 37840 --- [http-nio-8080-exec-5] o.h.engine.internal.TwoPhaseLoad         : Processing attribute `nombre` : value = Capgeminai
2024-09-01 14:49:01.486 DEBUG 37840 --- [http-nio-8080-exec-5] o.h.engine.internal.TwoPhaseLoad         : Attribute (`nombre`)  - enhanced for lazy-loading? - false
2024-09-01 14:49:01.486 DEBUG 37840 --- [http-nio-8080-exec-5] o.h.engine.internal.TwoPhaseLoad         : Processing attribute `telefono` : value = 4587955
2024-09-01 14:49:01.486 DEBUG 37840 --- [http-nio-8080-exec-5] o.h.engine.internal.TwoPhaseLoad         : Attribute (`telefono`)  - enhanced for lazy-loading? - false
2024-09-01 14:49:01.486 DEBUG 37840 --- [http-nio-8080-exec-5] o.h.engine.internal.TwoPhaseLoad         : Done materializing entity [mvc.moiso.modelos.Empresa#30]
2024-09-01 14:49:01.486 DEBUG 37840 --- [http-nio-8080-exec-5] o.h.e.t.internal.TransactionImpl         : committing
2024-09-01 14:49:15.412 DEBUG 37840 --- [HikariPool-1 housekeeper] com.zaxxer.hikari.pool.HikariPool        : HikariPool-1 - Before cleanup stats (total=5, active=0, idle=5, waiting=0)
2024-09-01 14:49:15.412 DEBUG 37840 --- [HikariPool-1 housekeeper] com.zaxxer.hikari.pool.HikariPool        : HikariPool-1 - After cleanup  stats (total=5, active=0, idle=5, waiting=0)
2024-09-01 14:49:15.412 DEBUG 37840 --- [HikariPool-1 housekeeper] com.zaxxer.hikari.pool.HikariPool        : HikariPool-1 - Fill pool skipped, pool is at sufficient level.
2024-09-01 14:49:45.413 DEBUG 37840 --- [HikariPool-1 housekeeper] com.zaxxer.hikari.pool.HikariPool        : HikariPool-1 - Before cleanup stats (total=5, active=0, idle=5, waiting=0)
2024-09-01 14:49:45.415 DEBUG 37840 --- [HikariPool-1 housekeeper] com.zaxxer.hikari.pool.HikariPool        : HikariPool-1 - After cleanup  stats (total=5, active=0, idle=5, waiting=0)
2024-09-01 14:49:45.415 DEBUG 37840 --- [HikariPool-1 housekeeper] com.zaxxer.hikari.pool.HikariPool        : HikariPool-1 - Fill pool skipped, pool is at sufficient level.
2024-09-01 14:50:15.426 DEBUG 37840 --- [HikariPool-1 housekeeper] com.zaxxer.hikari.pool.HikariPool        : HikariPool-1 - Before cleanup stats (total=5, active=0, idle=5, waiting=0)
2024-09-01 14:50:15.430 DEBUG 37840 --- [HikariPool-1 housekeeper] com.zaxxer.hikari.pool.HikariPool        : HikariPool-1 - After cleanup  stats (total=5, active=0, idle=5, waiting=0)
2024-09-01 14:50:15.430 DEBUG 37840 --- [HikariPool-1 housekeeper] com.zaxxer.hikari.pool.HikariPool        : HikariPool-1 - Fill pool skipped, pool is at sufficient level.
2024-09-01 14:50:45.432 DEBUG 37840 --- [HikariPool-1 housekeeper] com.zaxxer.hikari.pool.HikariPool        : HikariPool-1 - Before cleanup stats (total=5, active=0, idle=5, waiting=0)
2024-09-01 14:50:45.433 DEBUG 37840 --- [HikariPool-1 housekeeper] com.zaxxer.hikari.pool.HikariPool        : HikariPool-1 - After cleanup  stats (total=5, active=0, idle=5, waiting=0)
2024-09-01 14:50:45.433 DEBUG 37840 --- [HikariPool-1 housekeeper] com.zaxxer.hikari.pool.HikariPool        : HikariPool-1 - Fill pool skipped, pool is at sufficient level.
2024-09-01 14:50:58.586 DEBUG 37840 --- [HikariPool-1 housekeeper] com.zaxxer.hikari.pool.HikariPool        : HikariPool-1 - keepalive: connection org.postgresql.jdbc.PgConnection@1f86aea1 is alive
2024-09-01 14:51:02.039 DEBUG 37840 --- [HikariPool-1 housekeeper] com.zaxxer.hikari.pool.HikariPool        : HikariPool-1 - keepalive: connection org.postgresql.jdbc.PgConnection@5ebba49a is alive
2024-09-01 14:51:15.437 DEBUG 37840 --- [HikariPool-1 housekeeper] com.zaxxer.hikari.pool.HikariPool        : HikariPool-1 - Before cleanup stats (total=5, active=0, idle=5, waiting=0)
2024-09-01 14:51:15.438 DEBUG 37840 --- [HikariPool-1 housekeeper] com.zaxxer.hikari.pool.HikariPool        : HikariPool-1 - After cleanup  stats (total=5, active=0, idle=5, waiting=0)
2024-09-01 14:51:15.438 DEBUG 37840 --- [HikariPool-1 housekeeper] com.zaxxer.hikari.pool.HikariPool        : HikariPool-1 - Fill pool skipped, pool is at sufficient level.
2024-09-01 14:51:20.778 DEBUG 37840 --- [HikariPool-1 housekeeper] com.zaxxer.hikari.pool.HikariPool        : HikariPool-1 - keepalive: connection org.postgresql.jdbc.PgConnection@49159cbd is alive
2024-09-01 14:51:45.441 DEBUG 37840 --- [HikariPool-1 housekeeper] com.zaxxer.hikari.pool.HikariPool        : HikariPool-1 - Before cleanup stats (total=5, active=0, idle=5, waiting=0)
2024-09-01 14:51:45.441 DEBUG 37840 --- [HikariPool-1 housekeeper] com.zaxxer.hikari.pool.HikariPool        : HikariPool-1 - After cleanup  stats (total=5, active=0, idle=5, waiting=0)
2024-09-01 14:51:45.442 DEBUG 37840 --- [HikariPool-1 housekeeper] com.zaxxer.hikari.pool.HikariPool        : HikariPool-1 - Fill pool skipped, pool is at sufficient level.
2024-09-01 14:51:56.695 DEBUG 37840 --- [HikariPool-1 housekeeper] com.zaxxer.hikari.pool.HikariPool        : HikariPool-1 - keepalive: connection org.postgresql.jdbc.PgConnection@3d4f4438 is alive
2024-09-01 14:52:00.272 DEBUG 37840 --- [HikariPool-1 housekeeper] com.zaxxer.hikari.pool.HikariPool        : HikariPool-1 - keepalive: connection org.postgresql.jdbc.PgConnection@12fb85f6 is alive
2024-09-01 14:52:15.444 DEBUG 37840 --- [HikariPool-1 housekeeper] com.zaxxer.hikari.pool.HikariPool        : HikariPool-1 - Before cleanup stats (total=5, active=0, idle=5, waiting=0)
2024-09-01 14:52:15.444 DEBUG 37840 --- [HikariPool-1 housekeeper] com.zaxxer.hikari.pool.HikariPool        : HikariPool-1 - After cleanup  stats (total=5, active=0, idle=5, waiting=0)
2024-09-01 14:52:15.444 DEBUG 37840 --- [HikariPool-1 housekeeper] com.zaxxer.hikari.pool.HikariPool        : HikariPool-1 - Fill pool skipped, pool is at sufficient level.
2024-09-01 14:52:45.451 DEBUG 37840 --- [HikariPool-1 housekeeper] com.zaxxer.hikari.pool.HikariPool        : HikariPool-1 - Before cleanup stats (total=5, active=0, idle=5, waiting=0)
2024-09-01 14:52:45.452 DEBUG 37840 --- [HikariPool-1 housekeeper] com.zaxxer.hikari.pool.HikariPool        : HikariPool-1 - After cleanup  stats (total=5, active=0, idle=5, waiting=0)
2024-09-01 14:52:45.452 DEBUG 37840 --- [HikariPool-1 housekeeper] com.zaxxer.hikari.pool.HikariPool        : HikariPool-1 - Fill pool skipped, pool is at sufficient level.
2024-09-01 14:53:15.466 DEBUG 37840 --- [HikariPool-1 housekeeper] com.zaxxer.hikari.pool.HikariPool        : HikariPool-1 - Before cleanup stats (total=5, active=0, idle=5, waiting=0)
2024-09-01 14:53:15.467 DEBUG 37840 --- [HikariPool-1 housekeeper] com.zaxxer.hikari.pool.HikariPool        : HikariPool-1 - After cleanup  stats (total=5, active=0, idle=5, waiting=0)
2024-09-01 14:53:15.467 DEBUG 37840 --- [HikariPool-1 housekeeper] com.zaxxer.hikari.pool.HikariPool        : HikariPool-1 - Fill pool skipped, pool is at sufficient level.
2024-09-01 14:53:45.471 DEBUG 37840 --- [HikariPool-1 housekeeper] com.zaxxer.hikari.pool.HikariPool        : HikariPool-1 - Before cleanup stats (total=5, active=0, idle=5, waiting=0)
2024-09-01 14:53:45.473 DEBUG 37840 --- [HikariPool-1 housekeeper] com.zaxxer.hikari.pool.HikariPool        : HikariPool-1 - After cleanup  stats (total=5, active=0, idle=5, waiting=0)
2024-09-01 14:53:45.473 DEBUG 37840 --- [HikariPool-1 housekeeper] com.zaxxer.hikari.pool.HikariPool        : HikariPool-1 - Fill pool skipped, pool is at sufficient level.
2024-09-01 14:54:15.480 DEBUG 37840 --- [HikariPool-1 housekeeper] com.zaxxer.hikari.pool.HikariPool        : HikariPool-1 - Before cleanup stats (total=5, active=0, idle=5, waiting=0)
2024-09-01 14:54:15.481 DEBUG 37840 --- [HikariPool-1 housekeeper] com.zaxxer.hikari.pool.HikariPool        : HikariPool-1 - After cleanup  stats (total=5, active=0, idle=5, waiting=0)
2024-09-01 14:54:15.481 DEBUG 37840 --- [HikariPool-1 housekeeper] com.zaxxer.hikari.pool.HikariPool        : HikariPool-1 - Fill pool skipped, pool is at sufficient level.
2024-09-01 14:54:45.489 DEBUG 37840 --- [HikariPool-1 housekeeper] com.zaxxer.hikari.pool.HikariPool        : HikariPool-1 - Before cleanup stats (total=5, active=0, idle=5, waiting=0)
2024-09-01 14:54:45.491 DEBUG 37840 --- [HikariPool-1 housekeeper] com.zaxxer.hikari.pool.HikariPool        : HikariPool-1 - After cleanup  stats (total=5, active=0, idle=5, waiting=0)
2024-09-01 14:54:45.491 DEBUG 37840 --- [HikariPool-1 housekeeper] com.zaxxer.hikari.pool.HikariPool        : HikariPool-1 - Fill pool skipped, pool is at sufficient level.
2024-09-01 14:55:15.503 DEBUG 37840 --- [HikariPool-1 housekeeper] com.zaxxer.hikari.pool.HikariPool        : HikariPool-1 - Before cleanup stats (total=5, active=0, idle=5, waiting=0)
2024-09-01 14:55:15.504 DEBUG 37840 --- [HikariPool-1 housekeeper] com.zaxxer.hikari.pool.HikariPool        : HikariPool-1 - After cleanup  stats (total=5, active=0, idle=5, waiting=0)
2024-09-01 14:55:15.504 DEBUG 37840 --- [HikariPool-1 housekeeper] com.zaxxer.hikari.pool.HikariPool        : HikariPool-1 - Fill pool skipped, pool is at sufficient level.
2024-09-01 14:55:38.679 DEBUG 37840 --- [HikariPool-1 housekeeper] com.zaxxer.hikari.pool.HikariPool        : HikariPool-1 - keepalive: connection org.postgresql.jdbc.PgConnection@1f86aea1 is alive
2024-09-01 14:55:43.292 DEBUG 37840 --- [HikariPool-1 housekeeper] com.zaxxer.hikari.pool.HikariPool        : HikariPool-1 - keepalive: connection org.postgresql.jdbc.PgConnection@5ebba49a is alive
2024-09-01 14:55:45.514 DEBUG 37840 --- [HikariPool-1 housekeeper] com.zaxxer.hikari.pool.HikariPool        : HikariPool-1 - Before cleanup stats (total=5, active=0, idle=5, waiting=0)
2024-09-01 14:55:45.516 DEBUG 37840 --- [HikariPool-1 housekeeper] com.zaxxer.hikari.pool.HikariPool        : HikariPool-1 - After cleanup  stats (total=5, active=0, idle=5, waiting=0)
2024-09-01 14:55:45.517 DEBUG 37840 --- [HikariPool-1 housekeeper] com.zaxxer.hikari.pool.HikariPool        : HikariPool-1 - Fill pool skipped, pool is at sufficient level.
2024-09-01 14:56:05.999 DEBUG 37840 --- [HikariPool-1 housekeeper] com.zaxxer.hikari.pool.HikariPool        : HikariPool-1 - keepalive: connection org.postgresql.jdbc.PgConnection@49159cbd is alive
2024-09-01 14:56:15.528 DEBUG 37840 --- [HikariPool-1 housekeeper] com.zaxxer.hikari.pool.HikariPool        : HikariPool-1 - Before cleanup stats (total=5, active=0, idle=5, waiting=0)
2024-09-01 14:56:15.529 DEBUG 37840 --- [HikariPool-1 housekeeper] com.zaxxer.hikari.pool.HikariPool        : HikariPool-1 - After cleanup  stats (total=5, active=0, idle=5, waiting=0)
2024-09-01 14:56:15.530 DEBUG 37840 --- [HikariPool-1 housekeeper] com.zaxxer.hikari.pool.HikariPool        : HikariPool-1 - Fill pool skipped, pool is at sufficient level.
2024-09-01 14:56:45.536 DEBUG 37840 --- [HikariPool-1 housekeeper] com.zaxxer.hikari.pool.HikariPool        : HikariPool-1 - Before cleanup stats (total=5, active=0, idle=5, waiting=0)
2024-09-01 14:56:45.536 DEBUG 37840 --- [HikariPool-1 housekeeper] com.zaxxer.hikari.pool.HikariPool        : HikariPool-1 - After cleanup  stats (total=5, active=0, idle=5, waiting=0)
2024-09-01 14:56:45.537 DEBUG 37840 --- [HikariPool-1 housekeeper] com.zaxxer.hikari.pool.HikariPool        : HikariPool-1 - Fill pool skipped, pool is at sufficient level.
2024-09-01 14:56:49.723 DEBUG 37840 --- [HikariPool-1 housekeeper] com.zaxxer.hikari.pool.HikariPool        : HikariPool-1 - keepalive: connection org.postgresql.jdbc.PgConnection@3d4f4438 is alive
2024-09-01 14:56:50.213 DEBUG 37840 --- [HikariPool-1 housekeeper] com.zaxxer.hikari.pool.HikariPool        : HikariPool-1 - keepalive: connection org.postgresql.jdbc.PgConnection@12fb85f6 is alive
2024-09-01 14:57:15.540 DEBUG 37840 --- [HikariPool-1 housekeeper] com.zaxxer.hikari.pool.HikariPool        : HikariPool-1 - Before cleanup stats (total=5, active=0, idle=5, waiting=0)
2024-09-01 14:57:15.541 DEBUG 37840 --- [HikariPool-1 housekeeper] com.zaxxer.hikari.pool.HikariPool        : HikariPool-1 - After cleanup  stats (total=5, active=0, idle=5, waiting=0)
2024-09-01 14:57:15.542 DEBUG 37840 --- [HikariPool-1 housekeeper] com.zaxxer.hikari.pool.HikariPool        : HikariPool-1 - Fill pool skipped, pool is at sufficient level.
2024-09-01 14:57:45.551 DEBUG 37840 --- [HikariPool-1 housekeeper] com.zaxxer.hikari.pool.HikariPool        : HikariPool-1 - Before cleanup stats (total=5, active=0, idle=5, waiting=0)
2024-09-01 14:57:45.553 DEBUG 37840 --- [HikariPool-1 housekeeper] com.zaxxer.hikari.pool.HikariPool        : HikariPool-1 - After cleanup  stats (total=5, active=0, idle=5, waiting=0)
2024-09-01 14:57:45.553 DEBUG 37840 --- [HikariPool-1 housekeeper] com.zaxxer.hikari.pool.HikariPool        : HikariPool-1 - Fill pool skipped, pool is at sufficient level.
2024-09-01 14:58:15.555 DEBUG 37840 --- [HikariPool-1 housekeeper] com.zaxxer.hikari.pool.HikariPool        : HikariPool-1 - Before cleanup stats (total=5, active=0, idle=5, waiting=0)
2024-09-01 14:58:15.555 DEBUG 37840 --- [HikariPool-1 housekeeper] com.zaxxer.hikari.pool.HikariPool        : HikariPool-1 - After cleanup  stats (total=5, active=0, idle=5, waiting=0)
2024-09-01 14:58:15.556 DEBUG 37840 --- [HikariPool-1 housekeeper] com.zaxxer.hikari.pool.HikariPool        : HikariPool-1 - Fill pool skipped, pool is at sufficient level.
2024-09-01 14:58:37.709  INFO 37840 --- [SpringApplicationShutdownHook] j.LocalContainerEntityManagerFactoryBean : Closing JPA EntityManagerFactory for persistence unit 'default'
2024-09-01 14:58:37.710 DEBUG 37840 --- [SpringApplicationShutdownHook] o.hibernate.internal.SessionFactoryImpl  : HHH000031: Closing
2024-09-01 14:58:37.710 DEBUG 37840 --- [SpringApplicationShutdownHook] o.h.type.spi.TypeConfiguration$Scope     : Un-scoping TypeConfiguration [org.hibernate.type.spi.TypeConfiguration$Scope@360fe1e4] from SessionFactory [org.hibernate.internal.SessionFactoryImpl@2d49b27f]
2024-09-01 14:58:37.711 DEBUG 37840 --- [SpringApplicationShutdownHook] o.h.s.i.AbstractServiceRegistryImpl      : Implicitly destroying ServiceRegistry on de-registration of all child ServiceRegistries
2024-09-01 14:58:37.712 DEBUG 37840 --- [SpringApplicationShutdownHook] o.h.b.r.i.BootstrapServiceRegistryImpl   : Implicitly destroying Boot-strap registry on de-registration of all child ServiceRegistries
2024-09-01 14:58:37.715  INFO 37840 --- [SpringApplicationShutdownHook] com.zaxxer.hikari.HikariDataSource       : HikariPool-1 - Shutdown initiated...
2024-09-01 14:58:37.715 DEBUG 37840 --- [SpringApplicationShutdownHook] com.zaxxer.hikari.pool.HikariPool        : HikariPool-1 - Before shutdown stats (total=5, active=0, idle=5, waiting=0)
2024-09-01 14:58:37.717 DEBUG 37840 --- [HikariPool-1 connection closer] com.zaxxer.hikari.pool.PoolBase          : HikariPool-1 - Closing connection org.postgresql.jdbc.PgConnection@1f86aea1: (connection evicted)
2024-09-01 14:58:37.718 DEBUG 37840 --- [HikariPool-1 connection closer] com.zaxxer.hikari.pool.PoolBase          : HikariPool-1 - Closing connection org.postgresql.jdbc.PgConnection@5ebba49a: (connection evicted)
2024-09-01 14:58:37.719 DEBUG 37840 --- [HikariPool-1 connection closer] com.zaxxer.hikari.pool.PoolBase          : HikariPool-1 - Closing connection org.postgresql.jdbc.PgConnection@49159cbd: (connection evicted)
2024-09-01 14:58:37.719 DEBUG 37840 --- [HikariPool-1 connection closer] com.zaxxer.hikari.pool.PoolBase          : HikariPool-1 - Closing connection org.postgresql.jdbc.PgConnection@3d4f4438: (connection evicted)
2024-09-01 14:58:37.720 DEBUG 37840 --- [HikariPool-1 connection closer] com.zaxxer.hikari.pool.PoolBase          : HikariPool-1 - Closing connection org.postgresql.jdbc.PgConnection@12fb85f6: (connection evicted)
2024-09-01 14:58:37.721 DEBUG 37840 --- [SpringApplicationShutdownHook] com.zaxxer.hikari.pool.HikariPool        : HikariPool-1 - After shutdown stats (total=0, active=0, idle=0, waiting=0)
2024-09-01 14:58:37.721  INFO 37840 --- [SpringApplicationShutdownHook] com.zaxxer.hikari.HikariDataSource       : HikariPool-1 - Shutdown completed.
